"main.id","hpq_phiheal_indiv_mem.id","phiheal_indiv_mem_refno"
"199722","0","1"
"200621","0","1"
"200640","0","1"
"206327","0","1"
"206435","0","1"
"206436","0","1"
"206440","0","2"
"206771","0","1"
"206799","0","1"
"206799","1","2"
"206799","2","3"
"206799","3","4"
"207320","0","1"
"207483","0","2"
"210075","0","1"
"210075","1","2"
"210075","2","3"
"210075","3","4"
"210077","0","1"
"210083","0","1"
"210083","1","2"
"210083","2","3"
"210083","3","4"
"210093","0","1"
"210093","1","2"
"213087","0","2"
"213202","0","1"
"213204","0","6"
"213204","1","5"
"213204","2","4"
"213204","3","3"
"213204","4","2"
"213204","5","1"
"213207","0","1"
"213207","1","2"
"213207","2","3"
"213220","0","1"
"213220","1","2"
"213220","2","3"
"213220","3","4"
"213233","0","1"
"213233","1","2"
"213236","0","1"
"213236","1","2"
"213236","2","3"
"213243","0","1"
"213243","1","2"
"213243","2","3"
"213243","3","4"
"216540","0","1"
"216540","1","2"
"216540","2","4"
"216540","3","5"
"216540","4","6"
"216931","0","1"
"216931","1","2"
"216931","2","3"
"216931","3","4"
"216938","0","2"
"217005","0","1"
"217018","0","2"
"217018","1","3"
"217028","0","1"
"217050","0","1"
"217050","1","2"
"217050","2","3"
"217050","3","4"
"217061","0","4"
"217086","0","3"
"219405","0","1"
"219405","1","2"
"219405","2","3"
"219451","0","1"
"219451","1","3"
"219451","2","4"
"219451","3","5"
"219451","4","6"
"219451","5","2"
"219717","0","1"
"219717","1","3"
"219719","0","1"
"219719","1","2"
"219719","2","3"
"219729","0","1"
"219733","0","3"
"219734","0","1"
"219734","1","2"
"219735","0","2"
"219735","1","3"
"221447","0","4"
"221447","1","3"
"221448","0","1"
"221497","0","2"
"221508","0","1"
"221513","0","1"
"221524","0","1"
"221538","0","1"
"221538","1","2"
"221894","0","1"
"221894","1","2"
"222044","0","1"
"222044","1","2"
"222052","0","1"
"222052","1","2"
"222052","2","3"
"222052","3","4"
"226906","0","1"
"226906","1","2"
"226971","0","1"
"226971","1","2"
"226971","2","3"
"226976","0","1"
"226991","0","2"
"226991","1","1"
"226991","2","3"
"226991","3","4"
"226995","0","1"
"226996","0","3"
"226996","1","4"
"226996","2","5"
"227978","0","1"
"227978","1","2"
"228669","0","2"
"228670","0","1"
"228734","0","2"
"228770","0","10"
"228795","0","2"
"228795","1","1"
"228795","2","4"
"228879","0","1"
"228879","1","2"
"228879","2","3"
"228879","3","4"
"228879","4","5"
"229081","0","1"
"229097","0","1"
"229112","0","1"
"229112","1","2"
"229112","2","3"
"229211","0","4"
"229211","1","9"
"229211","2","10"
"231358","0","1"
"231358","1","2"
"231358","2","3"
"231358","3","4"
"231358","4","5"
"231414","0","1"
"231414","1","2"
"231414","2","3"
"231414","3","5"
"231414","4","4"
"231755","0","6"
"231756","0","1"
"231757","0","1"
"231759","0","2"
"231760","0","1"
"231760","1","3"
"231783","0","2"
"231854","0","1"
"232459","0","1"
"232459","1","2"
"232459","2","3"
"232459","3","4"
"232459","4","5"
"233330","0","1"
"233349","0","1"
"233360","0","1"
"233360","1","2"
"233360","2","3"
"233360","3","4"
"233911","0","1"
"233926","0","3"
"233926","1","4"
"233926","2","5"
"233926","3","6"
"233932","0","4"
"233932","1","5"
"233946","0","3"
"233946","1","1"
"234003","0","1"
"234021","0","4"
"234021","1","3"
"234021","2","5"
"235695","0","1"
"235700","0","1"
"235715","0","1"
"235715","1","2"
"235715","2","3"
"235715","3","4"
"235715","4","5"
"235724","0","1"
"235724","1","2"
"235746","0","1"
"235746","1","5"
"236088","0","1"
"236088","1","2"
"236088","2","5"
"236088","3","6"
"236222","0","1"
"236222","1","2"
"236222","2","3"
"236222","3","4"
"240830","0","1"
"240830","1","2"
"240839","0","1"
"240839","1","2"
"242646","0","1"
"242713","0","2"
"242713","1","4"
"242713","2","9"
"242715","0","1"
"242724","0","1"
"242724","1","2"
"242724","2","3"
"242751","0","1"
"242751","1","2"
"242751","2","3"
"242751","3","4"
"242751","4","5"
"242752","0","1"
"242752","1","2"
"242752","2","3"
"242752","3","4"
"242752","4","5"
"242782","0","1"
"242782","1","2"
"242786","0","1"
"242819","0","1"
"242819","1","2"
"242819","2","3"
"242819","3","4"
"242819","4","5"
"242819","5","6"
"242819","6","7"
"245375","0","1"
"245375","1","2"
"245469","0","1"
"245469","1","2"
"245469","2","3"
"245505","0","1"
"245505","1","2"
"245505","2","3"
"245505","3","7"
"245505","4","8"
"247224","0","1"
"247224","1","2"
"247224","2","3"
"247224","3","4"
"247225","0","1"
"247225","1","2"
"247225","2","3"
"247225","3","4"
"247231","0","1"
"247231","1","2"
"247231","2","3"
"247231","3","4"
"247231","4","5"
"247231","5","6"
"247231","6","7"
"247237","0","1"
"247237","1","2"
"247237","2","3"
"247247","0","1"
"247247","1","2"
"247247","2","3"
"247247","3","4"
"247247","4","5"
"247247","5","6"
"247247","6","7"
"247261","0","1"
"247926","0","1"
"247926","1","2"
"247926","2","3"
"247926","3","4"
"247926","4","5"
"247926","5","6"
"247926","6","7"
"247926","7","8"
"247926","8","9"
"247926","9","10"
"247926","10","11"
"247933","0","1"
"247933","1","2"
"247951","0","1"
"247951","1","2"
"247970","0","2"
"247971","0","1"
"247971","1","2"
"248064","0","1"
"248064","1","2"
"248064","2","3"
"248064","3","4"
"248064","4","5"
"248064","5","6"
"248064","6","7"
"248510","0","1"
"248510","1","2"
"250604","0","2"
"251790","0","1"
"251851","0","1"
"251890","0","1"
"251916","0","1"
"252282","0","1411189590875"
"252568","0","1"
"253167","0","1"
"253195","0","1"
"253196","0","1"
"261161","0","1"
"261161","1","2"
"261161","2","3"
"261191","0","1"
"261191","1","2"
"263603","0","1"
"266261","0","1"
"266261","1","2"
"266261","2","4"
"266310","0","1"
"266310","1","2"
"266310","2","3"
"266310","3","4"
"266371","0","1"
"266371","1","2"
"266372","0","1"
"266376","0","1"
"266376","1","2"
"266376","2","3"
"266376","3","4"
"266449","0","1"
"266449","1","2"
"266449","2","3"
"266449","3","4"
"266449","4","5"
"270045","0","2"
"270063","0","2"
"270063","1","3"
"270063","2","4"
"270066","0","1"
"270066","1","2"
"270066","2","3"
"270074","0","1"
"270074","1","2"
"270074","2","3"
"270074","3","4"
"270093","0","2"
"273132","0","1"
"274481","0","1"
"285761","0","1"
"285761","1","2"
"285761","2","3"
"285761","3","4"
"287877","0","1"
"291164","0","1"
"291164","1","2"
"291164","2","3"
"291164","3","4"
"291164","4","5"
"291185","0","2"
"291185","1","3"
"291185","2","4"
"291188","0","1"
"291188","1","2"
"291188","2","3"
"292077","0","1"
"292341","0","3"
"292341","1","4"
"292341","2","5"
"293012","0","1"
"307975","0","3"
"307991","0","2"
"307991","1","3"
"307991","2","4"
"307991","3","5"
"308005","0","1"
"308005","1","2"
"308006","0","1"
"308006","1","2"
"308006","2","3"
"308006","3","4"
"308013","0","1"
"308013","1","2"
"308013","2","3"
"308021","0","1"
"308021","1","2"
"308039","0","1"
"308039","1","2"
"309796","0","1"
"309796","1","2"
"309822","0","2"
"309822","1","3"
"309822","2","1"
"309822","3","4"
"309835","0","1"
"309835","1","2"
"309839","0","1"
"309839","1","2"
"309844","0","2"
"309844","1","3"
"309844","2","4"
"309850","0","1"
"309850","1","2"
"309852","0","1"
"309852","1","2"
"309852","2","3"
"309853","0","1"
"309853","1","2"
"309853","2","3"
"309853","3","4"
"309865","0","1"
"309865","1","2"
"309865","2","3"
"309871","0","2"
"309915","0","1"
"309915","1","2"
"309915","2","3"
"309915","3","5"
"309915","4","6"
"309915","5","7"
"309915","6","15"
"309949","0","1"
"309949","1","2"
"309949","2","3"
"309949","3","4"
"309949","4","5"
"309949","5","6"
"310130","0","2"
"310328","0","1"
"310328","1","2"
"310328","2","3"
"310346","0","2"
"310346","1","3"
"310346","2","4"
"310346","3","5"
"310346","4","6"
"310362","0","1"
"310362","1","2"
"310381","0","1"
"310441","0","1"
"310441","1","3"
"310441","2","4"
"310489","0","1"
"310489","1","2"
"310497","0","1"
"310497","1","2"
"310585","0","2"
"310649","0","1"
"310649","1","2"
"311652","0","1"
"311652","1","2"
"311652","2","3"
"311652","3","4"
"311969","0","1"
"312111","0","2"
"312126","0","1"
"312126","1","2"
"312126","2","3"
"312152","0","1"
"312152","1","2"
"312199","0","1"
"312199","1","2"
"314320","0","1"
"314321","0","1"
"315901","0","2"
"315912","0","2"
"316245","0","1"
"317051","0","2"
"317054","0","2"
"317054","1","3"
"317054","2","4"
"317054","3","5"
"317067","0","1"
"317067","1","2"
"317067","2","3"
"317067","3","4"
"317082","0","1"
"317106","0","1"
"317106","1","2"
"317106","2","3"
"317203","0","1"
"317205","0","1"
"317205","1","2"
"317205","2","3"
"317205","3","4"
"317205","4","5"
"317207","0","1"
"317207","1","2"
"317238","0","1"
"317238","1","2"
"317238","2","3"
"317238","3","4"
"317238","4","5"
"317242","0","1"
"317250","0","1"
"317250","1","2"
"317250","2","4"
"321885","0","2"
"321898","0","1"
"321898","1","2"
"321898","2","3"
"321898","3","7"
"321958","0","1"
"321958","1","2"
"328672","0","2"
"328672","1","3"
"328707","0","3"
"328707","1","4"
"328707","2","5"
"328708","0","1"
"328708","1","2"
"328708","2","3"
"328708","3","4"
"328708","4","5"
"328730","0","3"
"328730","1","5"
"336880","0","1"
"336880","1","2"
"336895","0","1"
"336895","1","2"
"336895","2","3"
"340426","0","1"
"340833","0","1"
"340833","1","2"
"340833","2","3"
"340833","3","4"
"340833","4","5"
"340833","5","6"
"340854","0","1"
"340978","0","1"
"340978","1","2"
"340995","0","1"
"340995","1","2"
"344518","0","1"
"344554","0","3"
"344554","1","4"
"351858","0","1"
"351858","1","2"
"351860","0","1"
"351860","1","2"
"351860","2","3"
"351864","0","1"
"351864","1","2"
"351865","0","1"
"351865","1","2"
"351865","2","3"
"351870","0","1"
"351870","1","2"
"351870","2","3"
"352395","0","1"
"352395","1","2"
"352395","2","3"
"353187","0","1"
"367206","0","2"
"392703","0","1"
"392703","1","2"
"392703","2","4"
"392703","3","5"
"392749","0","3"
"392749","1","4"
"392749","2","5"
"392751","0","1"
"392751","1","2"
"392751","2","3"
"394372","0","1"
"394372","1","3"
"394372","2","4"
"394372","3","5"
"394504","0","1"
"394504","1","2"
"394504","2","3"
"394504","3","4"
"394576","0","1"
"394576","1","2"
"394576","2","5"
"394576","3","6"
"394621","0","2"
"394621","1","3"
"394621","2","4"
"394621","3","5"
"394621","4","6"
"394621","5","7"
"394621","6","8"
"404754","0","2"
"404754","1","1"
"404754","2","3"
"404754","3","4"
"404768","0","1"
"404768","1","2"
"404773","0","1"
"404773","1","2"
"404773","2","3"
"404773","3","4"
"404773","4","5"
"404773","5","6"
"404773","6","7"
"404777","0","1"
"404777","1","2"
"404777","2","4"
"404777","3","3"
"404777","4","5"
"404777","5","6"
"404777","6","7"
"404789","0","2"
"404789","1","1"
"404789","2","3"
"404789","3","4"
"452688","0","2"
"464668","0","1"
"471771","0","1"
"2448090","0","2"
"155007","0","1"
"155015","0","1"
"155017","0","2"
"155020","0","1"
"171431","0","2"
"171440","0","5"
"171446","0","2"
"171482","0","4"
"171512","0","1"
"171512","1","2"
"171512","2","4"
"171526","0","1"
"171528","0","1"
"171530","0","2"
"171530","1","3"
"171530","2","4"
"172341","0","1"
"172341","1","2"
"172341","2","3"
"172341","3","4"
"172341","4","5"
"172415","0","2"
"175617","0","1"
"175617","1","2"
"175618","0","1"
"175618","1","2"
"176525","0","5"
"176527","0","1"
"176594","0","1"
"176600","0","1"
"176603","0","1"
"176603","1","2"
"176606","0","4"
"176616","0","1"
"176616","1","2"
"179649","0","1"
"179652","0","3"
"179692","0","1"
"179692","1","2"
"179834","0","3"
"180301","0","1"
"180315","0","2"
"180317","0","1"
"180317","1","2"
"180318","0","2"
"198109","0","2"
"198109","1","3"
"199978","0","2"
"200241","0","1"
"200241","1","2"
"200241","2","3"
"208047","0","1"
"208050","0","1"
"208052","0","1"
"226366","0","3"
"226371","0","1"
"226416","0","1"
"226417","0","2"
"226423","0","1"
"231018","0","2"
"231020","0","3"
"231026","0","1"
"231031","0","1"
"231031","1","3"
"231031","2","4"
"231045","0","3"
"269687","0","3"
"273067","0","2"
"273072","0","2"
"273180","0","2"
"273842","0","1"
"273884","0","2"
"276040","0","1"
"276479","0","1"
"278104","0","1"
"278107","0","1"
"278107","1","2"
"278186","0","2"
"278279","0","1"
"281161","0","1"
"281161","1","2"
"281844","0","5"
"281863","0","1"
"281892","0","1"
"283635","0","1"
"287634","0","2"
"287703","0","1"
"287737","0","2"
"298368","0","2"
"298369","0","1"
"298514","0","1"
"298534","0","1"
"300517","0","1"
"300518","0","1"
"300537","0","1"
"300549","0","1"
"300553","0","1"
"300558","0","1"
"300560","0","1"
"300575","0","2"
"300576","0","1"
"300578","0","1"
"300579","0","1"
"300589","0","4"
"293250","0","132"
"302691","0","2"
"308250","0","2"
"308253","0","1"
"310373","0","2"
"310405","0","1"
"310417","0","4"
"310433","0","1"
"310598","0","1"
"311807","0","2"
"311849","0","1"
"311877","0","4"
"312935","0","2"
"315757","0","1"
"315787","0","2"
"316144","0","9"
"316152","0","1"
"322069","0","1"
"322069","1","2"
"322100","0","1"
"322100","1","2"
"322100","2","3"
"322193","0","1"
"322193","1","2"
"322193","2","3"
"325067","0","2"
"326284","0","1"
"326295","0","2"
"326297","0","1"
"326297","1","2"
"326297","2","3"
"326299","0","1"
"326483","0","1"
"326526","0","1"
"326526","1","2"
"326528","0","2"
"326557","0","2"
"326570","0","1"
"326572","0","1"
"327901","0","1"
"327924","0","1"
"152590","0","1"
"343705","0","1"
"343705","1","2"
"351417","0","1"
"357480","0","1"
"357480","1","2"
"358612","0","2"
"358699","0","1"
"359448","0","1"
"359508","0","3"
"359548","0","1"
"359550","0","1"
"359579","0","1"
"359892","0","1"
"370859","0","3"
"370860","0","1"
"375077","0","1"
"375077","1","2"
"383202","0","1"
"383213","0","1"
"383283","0","1"
"407662","0","3"
"411007","0","1"
"411007","1","2"
"411007","2","3"
"411007","3","4"
"411007","4","5"
"411007","5","6"
"411007","6","7"
"411162","0","2"
"412944","0","1"
"422299","0","1"
"443005","0","1"
"443005","1","2"
"457558","0","2"
"474100","0","2"
"474102","0","1"
"474104","0","1"
"477623","0","2"
"477623","1","3"
"477623","2","4"
"477638","0","1"
"504135","0","1"
"504135","1","3"
"506467","0","1"
"506467","1","2"
"509238","0","2"
"511410","0","1"
"511759","0","2"
"511809","0","1"
"512631","0","1"
"512709","0","1"
"512709","1","2"
"512709","2","3"
"512747","0","1"
"512747","1","2"
"512747","2","3"
"512747","3","4"
"523182","0","1"
"523182","1","2"
"466813","0","1"
"466813","1","2"
"466813","2","3"
"558463","0","1"
"558463","1","2"
"558463","2","3"
"558463","3","4"
"564794","0","1"
"564794","1","2"
"564794","2","3"
"564794","3","4"
"568055","0","1"
"568055","1","2"
"568055","2","3"
"568055","3","4"
"568058","0","1"
"568058","1","2"
"569495","0","2"
"569501","0","1"
"569557","0","2"
"569570","0","1"
"569572","0","1"
"573122","0","6"
"573136","0","1"
"576311","0","25"
"576311","1","2"
"576311","2","3"
"576311","3","4"
"592325","0","1"
"614622","0","1"
"614633","0","4"
"618646","0","1"
"614624","0","1"
"811962","0","3"
"811968","0","1"
"812043","0","1"
"825174","0","1"
"896250","0","1"
"351453","0","1"
"351453","1","2"
"351453","2","3"
"351453","3","4"
"586813","0","3"
"1128455","0","1"
"380514","0","2"
"523761","0","3"
"520529","0","1"
"1147356","0","1"
"414484","0","2"
"414484","1","3"
"1148112","0","1"
"1148116","0","1"
"436476","0","2"
"326301","0","1"
"280927","0","4"
"280927","1","3"
"482712","0","2"
"1174987","0","1"
"1176683","0","1"
"564809","0","1"
"564809","1","3"
"564809","2","4"
"564809","3","5"
"564809","4","6"
"1232237","0","1"
"1232237","1","2"
"1302351","0","1"
"1302355","0","1"
"154920","0","1"
"154920","1","2"
"298499","0","1"
"300594","0","1"
"1385421","0","2"
"1515896","0","1"
"273873","0","1"
"273873","1","4"
"276425","0","2"
"327956","0","1"
"471417","0","1"
"614627","0","2"
"506148","0","1"
"478134","0","1"
"1710732","0","1"
"1360468","0","1"
"300577","0","1"
"300584","0","1"
"570749","0","11"
"570749","1","6"
"457081","0","1"
"133239","0","2"
"136461","0","1"
"136485","0","1"
"136817","0","1"
"136823","0","1"
"137386","0","1"
"137518","0","1"
"137518","1","2"
"137566","0","1"
"137566","1","2"
"137566","2","3"
"137693","0","1"
"137694","0","2"
"137964","0","6"
"137964","1","7"
"138871","0","3"
"138872","0","1"
"138872","1","2"
"138884","0","1"
"138884","1","2"
"138884","2","3"
"138884","3","4"
"139067","0","1"
"139457","0","1"
"139457","1","2"
"139459","0","1"
"139622","0","2"
"140735","0","7"
"140746","0","1"
"142689","0","2"
"144289","0","2"
"144349","0","2"
"145733","0","2"
"145801","0","2"
"150170","0","2"
"150182","0","2"
"151542","0","1"
"151542","1","2"
"151824","0","1"
"151824","1","3"
"151826","0","3"
"151826","1","4"
"151833","0","1"
"151833","1","3"
"151838","0","1"
"152746","0","1"
"152764","0","3"
"152829","0","1"
"152840","0","1"
"152844","0","1"
"153395","0","1"
"153714","0","1"
"153714","1","2"
"154461","0","2"
"154461","1","2"
"154461","2","3"
"154461","3","3"
"154468","0","1"
"154468","1","2"
"154468","2","3"
"158262","0","2"
"158279","0","2"
"158300","0","3"
"161727","0","1"
"161727","1","2"
"161727","2","3"
"161729","0","1"
"161729","1","2"
"161729","2","3"
"161729","3","4"
"161729","4","5"
"161729","5","6"
"161729","6","7"
"161738","0","5"
"161738","1","7"
"161738","2","6"
"161739","0","4"
"161739","1","5"
"161739","2","6"
"161762","0","1"
"161762","1","2"
"161762","2","3"
"161763","0","1"
"161763","1","4"
"161763","2","5"
"161763","3","6"
"161770","0","2"
"161770","1","3"
"161770","2","4"
"164021","0","1"
"164025","0","2"
"164025","1","1"
"164025","2","3"
"164025","3","4"
"164025","4","5"
"166136","0","3"
"166136","1","4"
"166136","2","2"
"166136","3","1"
"166143","0","1"
"166155","0","1"
"166155","1","2"
"166155","2","5"
"166161","0","1"
"166161","1","2"
"166164","0","1"
"166164","1","2"
"166164","2","3"
"166165","0","1"
"166165","1","2"
"166165","2","3"
"166167","0","1"
"166168","0","1"
"166168","1","2"
"166168","2","3"
"166168","3","4"
"166168","4","5"
"174483","0","1"
"174483","1","2"
"178755","0","1"
"178755","1","2"
"178755","2","3"
"178755","3","4"
"178755","4","5"
"178755","5","6"
"178780","0","1"
"178780","1","2"
"178780","2","3"
"178780","3","4"
"178800","0","1"
"178993","0","1"
"178993","1","2"
"178993","2","3"
"178993","3","4"
"178993","4","5"
"178993","5","6"
"178993","6","7"
"178993","7","8"
"197295","0","1"
"197295","1","4"
"197295","2","3"
"201971","0","1"
"202354","0","1"
"202363","0","1"
"202441","0","1"
"210791","0","1"
"210793","0","1"
"211029","0","1"
"211029","1","2"
"211029","2","3"
"211029","3","4"
"213568","0","1"
"217096","0","1"
"221945","0","1"
"221945","1","2"
"221967","0","1"
"221992","0","3"
"221992","1","1"
"221992","2","2"
"232762","0","1"
"233317","0","2"
"233720","0","3"
"233722","0","2"
"234159","0","2"
"235658","0","1"
"235658","1","2"
"235754","0","3"
"247306","0","1"
"247354","0","2"
"247354","1","1"
"247354","2","3"
"247388","0","1"
"247388","1","2"
"247393","0","5"
"247396","0","1"
"247396","1","2"
"247396","2","3"
"247399","0","1"
"247399","1","2"
"247399","2","3"
"247399","3","4"
"249833","0","1"
"251534","0","1"
"251534","1","2"
"251534","2","3"
"251534","3","4"
"252208","0","1"
"252208","1","2"
"252208","2","3"
"253614","0","1"
"253614","1","2"
"253614","2","5"
"253615","0","1"
"253615","1","2"
"253615","2","3"
"253615","3","4"
"253616","0","2"
"253616","1","1"
"253616","2","3"
"253616","3","4"
"253616","4","5"
"253620","0","1"
"253621","0","1"
"253621","1","2"
"253622","0","2"
"253622","1","1"
"253626","0","1"
"253626","1","2"
"253626","2","3"
"253626","3","4"
"253626","4","5"
"253628","0","1"
"253630","0","2"
"253631","0","3"
"253631","1","5"
"253692","0","1"
"255662","0","1"
"255662","1","2"
"255662","2","3"
"255662","3","4"
"255662","4","5"
"255662","5","6"
"255662","6","7"
"261351","0","3"
"261351","1","4"
"261477","0","1"
"261477","1","2"
"261477","2","3"
"262385","0","1"
"262385","1","2"
"276917","0","1"
"276917","1","2"
"276922","0","1"
"277052","0","2"
"281785","0","1408092690184"
"281785","1","1408092690185"
"281785","2","1408092690186"
"281785","3","1408092690187"
"281785","4","1408092690188"
"281791","0","3"
"281799","0","4"
"281812","0","1"
"281812","1","2"
"281820","0","2"
"281820","1","5"
"281837","0","1"
"281837","1","2"
"281837","2","4"
"281847","0","1"
"281847","1","2"
"281850","0","3"
"281856","0","1"
"281856","1","2"
"281869","0","1"
"281869","1","2"
"281869","2","3"
"281869","3","4"
"281885","0","2"
"281885","1","3"
"281888","0","1"
"281888","1","2"
"281888","2","3"
"281899","0","16"
"281899","1","17"
"284516","0","1408092690198"
"284516","1","1"
"284516","2","1408092690199"
"284516","3","1408092690200"
"285574","0","2"
"285574","1","1"
"285575","0","2"
"285575","1","3"
"285575","2","4"
"285656","0","3"
"285657","0","1"
"285657","1","2"
"285860","0","3"
"294783","0","1"
"294783","1","2"
"294783","2","3"
"294783","3","4"
"294783","4","5"
"294814","0","1"
"294814","1","2"
"294958","0","1"
"294958","1","7"
"294958","2","36"
"313459","0","1"
"313459","1","2"
"313459","2","3"
"313459","3","4"
"313459","4","5"
"313459","5","8"
"313462","0","1"
"313462","1","3"
"313462","2","2"
"313481","0","2"
"313481","1","1"
"313481","2","3"
"313481","3","5"
"313481","4","6"
"313481","5","4"
"314537","0","1"
"314537","1","2"
"317301","0","1"
"333531","0","2"
"333534","0","2"
"343400","0","2"
"355224","0","1"
"355226","0","1"
"355226","1","2"
"355226","2","3"
"355226","3","4"
"355226","4","5"
"355230","0","1"
"355230","1","2"
"355230","2","3"
"355249","0","1"
"355249","1","2"
"355249","2","3"
"374300","0","1"
"374300","1","2"
"374303","0","1"
"374303","1","2"
"374306","0","1"
"374306","1","2"
"374306","2","3"
"374306","3","4"
"374340","0","1"
"374340","1","2"
"377505","0","2"
"377533","0","2"
"377533","1","20"
"377533","2","21"
"377572","0","2"
"377572","1","3"
"377572","2","4"
"377572","3","5"
"377577","0","2"
"377577","1","4"
"377577","2","5"
"377582","0","2"
"377582","1","3"
"377582","2","4"
"377582","3","5"
"377587","0","2"
"377587","1","3"
"377999","0","2"
"377999","1","3"
"378004","0","1"
"378004","1","2"
"378004","2","3"
"378004","3","4"
"378004","4","5"
"378006","0","1"
"378006","1","2"
"378006","2","3"
"378025","0","2"
"378025","1","3"
"378025","2","4"
"378025","3","5"
"378242","0","1"
"378242","1","2"
"393381","0","1"
"393381","1","2"
"393381","2","3"
"393387","0","1"
"393387","1","2"
"393392","0","1"
"393392","1","2"
"393392","2","3"
"393392","3","4"
"393394","0","1"
"393394","1","2"
"393396","0","2"
"393396","1","1"
"393423","0","1"
"393423","1","2"
"393697","0","1"
"402024","0","1"
"428451","0","2"
"428468","0","1"
"428468","1","2"
"428483","0","1"
"428483","1","2"
"428483","2","3"
"428483","3","4"
"428489","0","2"
"428573","0","1"
"428573","1","2"
"428573","2","6"
"428609","0","1"
"428609","1","2"
"428609","2","3"
"428609","3","4"
"428609","4","5"
"428609","5","6"
"428613","0","1"
"429062","0","2"
"429623","0","2"
"429699","0","1"
"429699","1","2"
"429708","0","2"
"429726","0","1"
"429726","1","2"
"430815","0","2"
"431109","0","1"
"431345","0","1"
"431353","0","1"
"431353","1","2"
"431353","2","3"
"431384","0","1"
"431384","1","2"
"431400","0","1"
"431400","1","2"
"431419","0","1"
"431419","1","2"
"431419","2","4"
"431546","0","1"
"431546","1","2"
"431546","2","3"
"431546","3","4"
"431562","0","1"
"431562","1","2"
"431562","2","3"
"431645","0","1"
"431645","1","18"
"431645","2","5"
"431653","0","2"
"431653","1","3"
"431653","2","4"
"431658","0","1"
"431658","1","2"
"431779","0","1"
"431779","1","2"
"431779","2","3"
"431821","0","1"
"431821","1","2"
"431821","2","3"
"431821","3","4"
"431821","4","5"
"431834","0","1"
"431834","1","2"
"431861","0","2"
"431861","1","3"
"431920","0","1"
"431920","1","2"
"431939","0","1"
"431993","0","1"
"482654","0","2"
"482654","1","3"
"482654","2","5"
"482654","3","6"
"482797","0","1"
"482797","1","2"
"542371","0","1"
"542371","1","2"
"542371","2","3"
"542371","3","4"
"542867","0","1412905845727"
"542867","1","1412905845728"
"542988","0","1"
"542988","1","2"
"542988","2","3"
"542988","3","4"
"543050","0","2"
"543050","1","1415961352401"
"543440","0","1"
"543440","1","2"
"543440","2","3"
"543440","3","4"
"543440","4","5"
"543517","0","1"
"543517","1","2"
"543517","2","3"
"543517","3","4"
"543531","0","1"
"543531","1","2"
"543539","0","1"
"543574","0","1"
"543574","1","2"
"543584","0","1"
"543584","1","2"
"543585","0","1"
"543585","1","2"
"543586","0","1"
"543586","1","2"
"543586","2","3"
"543666","0","1"
"543666","1","2"
"543666","2","3"
"543666","3","4"
"543666","4","5"
"561160","0","1"
"561160","1","2"
"561160","2","3"
"561160","3","4"
"561218","0","1"
"561218","1","3"
"561218","2","4"
"561218","3","5"
"561219","0","1"
"561219","1","2"
"561219","2","3"
"561224","0","2"
"561224","1","3"
"561224","2","4"
"561225","0","1"
"561225","1","2"
"561227","0","1"
"561227","1","2"
"561227","2","3"
"561228","0","2"
"561228","1","1"
"561229","0","1"
"561229","1","2"
"561229","2","3"
"561229","3","4"
"561231","0","1"
"561231","1","2"
"561231","2","3"
"561238","0","1"
"561240","0","1"
"561240","1","2"
"561240","2","3"
"561240","3","4"
"561240","4","5"
"561346","0","1"
"561346","1","2"
"561348","0","1"
"561348","1","2"
"561348","2","5"
"561353","0","1"
"561366","0","3"
"561366","1","4"
"561377","0","1"
"561382","0","1"
"561382","1","2"
"561382","2","3"
"561388","0","1"
"561396","0","1"
"561396","1","2"
"561396","2","3"
"561396","3","4"
"561407","0","1"
"561407","1","2"
"561417","0","1"
"561417","1","2"
"561425","0","2"
"561425","1","3"
"561425","2","4"
"562924","0","2"
"562924","1","1"
"562924","2","3"
"562969","0","1"
"562969","1","2"
"562969","2","3"
"562969","3","7"
"562974","0","1"
"562974","1","3"
"562974","2","4"
"562982","0","2"
"562982","1","1"
"562982","2","4"
"562990","0","2"
"562990","1","5"
"563130","0","1"
"563130","1","2"
"563130","2","3"
"563131","0","1"
"563131","1","2"
"563131","2","3"
"563131","3","4"
"563132","0","1"
"563132","1","2"
"563132","2","3"
"563134","0","1"
"563134","1","2"
"563150","0","2"
"563164","0","1"
"563164","1","2"
"563454","0","2"
"686017","0","1"
"764757","0","1423073243508"
"764757","1","1423073243509"
"764757","2","1423073243510"
"764757","3","1423073243511"
"764815","0","1"
"767807","0","1"
"769148","0","1"
"769148","1","2"
"810084","0","1"
"810084","1","2"
"810084","2","3"
"810084","3","4"
"810114","0","1"
"810114","1","2"
"810114","2","3"
"810656","0","1"
"810656","1","2"
"811165","0","1"
"811165","1","3"
"811165","2","4"
"811165","3","5"
"1013014","0","2"
"1023384","0","1"
"1023384","1","2"
"1023384","2","3"
"1023384","3","4"
"1023384","4","5"
"1023384","5","6"
"187789","0","7"
"187789","1","6"
"187789","2","8"
"187789","3","9"
"1136297","0","1"
"1136297","1","2"
"1136297","2","3"
"151830","0","3"
"151830","1","4"
"431381","0","1"
"431381","1","2"
"431381","2","3"
"431381","3","4"
"1017373","0","1"
"428457","0","2"
"1599305","0","3"
"232758","0","2"
"154466","0","1"
"380475","0","7"
"380475","1","6"
"380475","2","8"
"380475","3","9"
"380493","0","1"
"380496","0","1"
"380507","0","2"
"222495","0","4"
"222495","1","5"
"222497","0","3"
"222497","1","4"
"228814","0","3"
"165889","0","2"
"165891","0","2"
"165912","0","2"
"165913","0","2"
"165914","0","1"
"165950","0","2"
"161914","0","2"
"161914","1","6"
"161930","0","2"
"161932","0","2"
"196176","0","2"
"196177","0","3"
"196181","0","1"
"196181","1","2"
"196181","2","4"
"196184","0","1"
"196184","1","2"
"196184","2","3"
"221566","0","2"
"309729","0","1"
"309729","1","2"
"309729","2","3"
"309775","0","1"
"309775","1","2"
"309775","2","3"
"342876","0","3"
"342876","1","4"
"342876","2","5"
"397984","0","3"
"397984","1","4"
"397984","2","5"
"397984","3","6"
"398007","0","2"
"398007","1","1"
"398007","2","3"
"398007","3","4"
"398015","0","1"
"398015","1","2"
"398015","2","3"
"219401","0","1"
"219401","1","2"
"219401","2","3"
"219401","3","4"
"253617","0","2"
"253617","1","1"
"252075","0","2"
"252096","0","4"
"252096","1","5"
"252096","2","6"
"252101","0","1"
"252101","1","2"
"252101","2","4"
"252126","0","1"
"252126","1","2"
"252126","2","3"
"285561","0","3"
"240594","0","3"
"240594","1","4"
"240594","2","5"
"240594","3","6"
"240595","0","1"
"240596","0","1"
"240596","1","4"
"240600","0","1"
"240600","1","2"
"240617","0","1"
"240617","1","2"
"240617","2","3"
"240617","3","4"
"240617","4","5"
"240635","0","1"
"240635","1","2"
"240636","0","1"
"240636","1","2"
"240665","0","3"
"240665","1","4"
"240665","2","5"
"145760","0","1"
"145762","0","1"
"145781","0","2"
"145793","0","1"
"349546","0","1"
"349548","0","3"
"349549","0","1"
"349549","1","2"
"349549","2","3"
"349549","3","4"
"349549","4","5"
"137275","0","3"
"431099","0","1"
"563413","0","2"
"211851","0","2"
"161826","0","1"
"161826","1","2"
"161826","2","4"
"161826","3","5"
"161826","4","6"
"161827","0","1"
"161827","1","2"
"161827","2","3"
"161827","3","4"
"161827","4","5"
"161827","5","6"
"187191","0","1"
"187191","1","2"
"187196","0","1"
"187196","1","2"
"187199","0","4"
"187199","1","5"
"187199","2","6"
"561817","0","2"
"684104","0","1"
"684106","0","4"
"684106","1","3"
"684108","0","2"
"684108","1","1"
"684108","2","3"
"684108","3","4"
"684108","4","5"
"684108","5","6"
"684110","0","2"
"684110","1","1"
"684110","2","3"
"684110","3","4"
"684110","4","5"
"684112","0","2"
"684115","0","1"
"684117","0","2"
"684117","1","1"
"684117","2","3"
"178792","0","1"
"178792","1","2"
"178792","2","3"
"178792","3","4"
"178792","4","5"
"178796","0","2"
"178796","1","3"
"236162","0","1"
"236162","1","2"
"236162","2","3"
"236201","0","2"
"236221","0","1"
"236221","1","2"
"236221","2","3"
"236221","3","4"
"236221","4","5"
"236243","0","1"
"236263","0","2"
"236283","0","1"
"349951","0","4"
"349840","0","1"
"217288","0","25"
"217288","1","36"
"217288","2","168"
"217305","0","2"
"217306","0","1"
"217306","1","2"
"221302","0","2"
"219934","0","2"
"230658","0","2"
"230669","0","1"
"230669","1","2"
"218756","0","1"
"218756","1","2"
"218756","2","3"
"218756","3","4"
"218757","0","1"
"218758","0","1"
"218763","0","1"
"218763","1","2"
"218763","2","3"
"218763","3","4"
"160560","0","5"
"160560","1","6"
"160560","2","7"
"193099","0","3"
"193108","0","2"
"194354","0","1"
"194354","1","2"
"194397","0","2"
"194399","0","1"
"194401","0","1"
"194407","0","1"
"194420","0","1"
"194422","0","1"
"194422","1","2"
"194423","0","1"
"194423","1","2"
"194423","2","3"
"194424","0","1"
"194429","0","1"
"197995","0","1"
"197998","0","2"
"198006","0","1"
"198013","0","1"
"198046","0","2"
"198047","0","1"
"198053","0","1"
"198068","0","2"
"198068","1","1"
"198072","0","1"
"198072","1","2"
"198072","2","3"
"198180","0","1"
"198180","1","2"
"198180","2","3"
"198183","0","3"
"198187","0","1"
"198187","1","2"
"198201","0","4"
"198201","1","3"
"198201","2","5"
"198201","3","6"
"198201","4","8"
"198201","5","7"
"198204","0","1"
"198204","1","2"
"198204","2","5"
"193070","0","2"
"202299","0","1"
"202299","1","2"
"202302","0","1"
"203436","0","4"
"203436","1","5"
"203436","2","6"
"203437","0","1"
"203437","1","2"
"203437","2","3"
"203437","3","4"
"203437","4","5"
"203452","0","1"
"203459","0","1"
"203459","1","2"
"203459","2","3"
"203459","3","4"
"205347","0","1"
"205347","1","2"
"205355","0","1"
"206939","0","1"
"206939","1","2"
"206939","2","3"
"210246","0","1"
"210327","0","3"
"213528","0","3"
"213979","0","4"
"213979","1","5"
"213979","2","6"
"216463","0","1"
"219356","0","7"
"219367","0","2"
"219989","0","4"
"219989","1","1"
"222323","0","1"
"222323","1","2"
"222323","2","3"
"222323","3","4"
"229500","0","1"
"229500","1","2"
"229500","2","3"
"229510","0","1"
"229510","1","2"
"229510","2","3"
"229510","3","4"
"229926","0","1"
"230360","0","1"
"230858","0","2"
"230858","1","1"
"231161","0","1"
"231877","0","4"
"231877","1","5"
"232067","0","5"
"235533","0","1"
"235533","1","2"
"235564","0","1"
"235564","1","2"
"235564","2","3"
"238541","0","2"
"238541","1","3"
"238541","2","4"
"238544","0","1"
"238544","1","2"
"238549","0","1"
"238549","1","2"
"238549","2","3"
"241494","0","1"
"241497","0","1"
"241500","0","2"
"241504","0","2"
"241504","1","3"
"241504","2","4"
"241504","3","5"
"241513","0","2"
"241513","1","4"
"241513","2","5"
"241513","3","6"
"241523","0","1"
"241523","1","2"
"241523","2","3"
"241542","0","1"
"241542","1","2"
"241555","0","2"
"241555","1","3"
"241555","2","4"
"241557","0","1"
"241561","0","5"
"241568","0","1"
"241568","1","3"
"241568","2","4"
"242183","0","3"
"242193","0","1"
"242238","0","1"
"242238","1","2"
"242238","2","3"
"242238","3","4"
"242240","0","3"
"242240","1","4"
"242240","2","5"
"242240","3","6"
"242245","0","1"
"242245","1","2"
"243571","0","1"
"243571","1","2"
"243571","2","3"
"243766","0","1"
"243766","1","2"
"243766","2","3"
"243766","3","4"
"244832","0","3"
"244862","0","5"
"244870","0","1"
"244870","1","2"
"245988","0","1"
"245988","1","2"
"245988","2","3"
"245988","3","5"
"245988","4","4"
"245988","5","6"
"245991","0","1"
"245991","1","2"
"245991","2","3"
"245994","0","1"
"245994","1","2"
"245997","0","2"
"245997","1","1"
"245997","2","3"
"246006","0","1"
"246006","1","2"
"246019","0","2"
"249085","0","1"
"249085","1","2"
"249085","2","3"
"249124","0","1"
"249124","1","2"
"249124","2","4"
"249124","3","3"
"249124","4","5"
"249124","5","6"
"249133","0","1"
"249133","1","2"
"249156","0","1"
"249159","0","4"
"249177","0","1"
"252893","0","1"
"252893","1","2"
"252893","2","3"
"252893","3","5"
"252922","0","3"
"252923","0","12"
"252924","0","1"
"252925","0","1"
"252925","1","2"
"252926","0","6"
"252953","0","3"
"252957","0","1"
"252969","0","6"
"252974","0","1"
"253642","0","1"
"253648","0","1"
"253648","1","2"
"256382","0","2"
"256382","1","3"
"260099","0","1"
"260099","1","3"
"260103","0","4"
"260103","1","5"
"260103","2","6"
"260103","3","7"
"260123","0","2"
"263117","0","1"
"263684","0","2"
"263684","1","3"
"267894","0","2"
"267894","1","3"
"270763","0","1"
"270763","1","2"
"270856","0","1"
"270856","1","2"
"270856","2","3"
"270856","3","4"
"270856","4","5"
"270976","0","1"
"270976","1","2"
"270976","2","3"
"270976","3","4"
"270976","4","5"
"273094","0","1"
"273094","1","2"
"273094","2","4"
"274464","0","1"
"274464","1","2"
"275635","0","1"
"275635","1","2"
"275635","2","4"
"275635","3","3"
"275635","4","5"
"275664","0","1"
"275664","1","2"
"275664","2","3"
"275664","3","4"
"275664","4","5"
"275664","5","6"
"282265","0","8"
"283172","0","2"
"292290","0","1"
"292290","1","3"
"293176","0","1"
"293176","1","2"
"293205","0","1"
"293205","1","2"
"293224","0","1"
"293224","1","2"
"293224","2","3"
"293224","3","4"
"293224","4","5"
"293224","5","6"
"293224","6","7"
"293360","0","2"
"298108","0","1"
"298108","1","2"
"298118","0","1"
"298118","1","2"
"298118","2","3"
"298118","3","4"
"299939","0","4"
"299939","1","1"
"299939","2","2"
"299939","3","3"
"303247","0","3"
"303257","0","6"
"303257","1","1"
"303263","0","3"
"303278","0","3"
"303534","0","1"
"303534","1","2"
"303534","2","3"
"303534","3","4"
"303552","0","1"
"303552","1","2"
"303552","2","3"
"303552","3","4"
"303552","4","5"
"305521","0","1"
"307054","0","1"
"307054","1","2"
"310966","0","1"
"310966","1","2"
"310966","2","3"
"312038","0","2"
"313501","0","1"
"313501","1","2"
"313501","2","3"
"313501","3","4"
"313614","0","1"
"313622","0","1"
"314724","0","1"
"315957","0","11"
"315983","0","3"
"316481","0","1"
"316481","1","2"
"316481","2","3"
"316481","3","4"
"317360","0","1"
"317360","1","3"
"319443","0","1"
"319443","1","2"
"319443","2","3"
"319443","3","5"
"322016","0","1"
"322016","1","2"
"322016","2","3"
"322016","3","4"
"322016","4","5"
"322016","5","6"
"322016","6","7"
"323090","0","8"
"323090","1","9"
"330895","0","1"
"332479","0","1"
"332479","1","2"
"332765","0","1"
"332765","1","2"
"332765","2","3"
"338678","0","1"
"338683","0","3"
"338685","0","1"
"338693","0","1"
"338693","1","5"
"338693","2","6"
"348549","0","1"
"348549","1","2"
"348549","2","3"
"348549","3","4"
"348549","4","5"
"362035","0","1"
"362035","1","2"
"370367","0","1"
"370379","0","1"
"372553","0","1"
"372553","1","2"
"372553","2","3"
"372553","3","4"
"372553","4","7"
"372556","0","1"
"372556","1","2"
"372556","2","3"
"374467","0","1"
"374467","1","2"
"374467","2","3"
"374467","3","4"
"374467","4","5"
"375794","0","1"
"377640","0","1"
"377640","1","2"
"377640","2","3"
"377640","3","4"
"377937","0","1"
"379039","0","1"
"379348","0","1"
"379348","1","2"
"379348","2","3"
"379362","0","1"
"379362","1","2"
"379362","2","3"
"379383","0","1"
"379383","1","2"
"404166","0","1"
"404166","1","2"
"404166","2","3"
"458808","0","1"
"458816","0","1"
"458816","1","2"
"458816","2","3"
"458821","0","1"
"458821","1","2"
"458821","2","3"
"462050","0","1"
"462071","0","2"
"462136","0","1"
"462136","1","2"
"462151","0","1"
"462151","1","2"
"467280","0","2"
"467280","1","3"
"467280","2","4"
"467280","3","1"
"469785","0","2"
"479052","0","1"
"479052","1","2"
"479056","0","1"
"479056","1","2"
"479056","2","3"
"479056","3","4"
"479237","0","1"
"479237","1","2"
"479237","2","3"
"479237","3","4"
"479237","4","5"
"479237","5","6"
"479237","6","7"
"487780","0","1"
"487780","1","2"
"487780","2","3"
"487780","3","4"
"487865","0","1"
"487865","1","2"
"487865","2","3"
"487865","3","4"
"504591","0","1"
"504591","1","2"
"504591","2","3"
"504682","0","2"
"504682","1","3"
"504706","0","1"
"504706","1","2"
"507251","0","1"
"507251","1","2"
"507251","2","3"
"507251","3","4"
"507251","4","5"
"507251","5","6"
"507251","6","7"
"530472","0","1"
"530472","1","2"
"530472","2","3"
"531443","0","1"
"531443","1","2"
"532418","0","1"
"536505","0","1"
"536505","1","2"
"536505","2","3"
"536970","0","1"
"544414","0","1"
"544414","1","2"
"544414","2","3"
"544414","3","4"
"544414","4","5"
"544428","0","1"
"553630","0","1"
"556688","0","1"
"556692","0","1"
"556700","0","1"
"562937","0","2"
"562937","1","1"
"562937","2","3"
"562937","3","4"
"562937","4","5"
"562954","0","1"
"562954","1","3"
"562954","2","4"
"261614","0","1"
"261614","1","2"
"261614","2","3"
"261614","3","4"
"261614","4","5"
"261614","5","6"
"261614","6","7"
"261614","7","8"
"621163","0","2"
"348465","0","1"
"348465","1","2"
"348465","2","3"
"348465","3","4"
"642646","0","6"
"642646","1","7"
"642646","2","8"
"642646","3","9"
"642646","4","10"
"260091","0","1"
"260091","1","2"
"260091","2","3"
"462165","0","5"
"314730","0","1"
"314730","1","2"
"314730","2","3"
"314730","3","4"
"544725","0","1"
"544725","1","2"
"544725","2","3"
"243745","0","7"
"243745","1","1"
"243745","2","2"
"243745","3","3"
"243745","4","4"
"243745","5","5"
"243745","6","6"
"1069036","0","7"
"1073046","0","1"
"1073046","1","2"
"1073046","2","3"
"1090197","0","1"
"1090197","1","2"
"1090197","2","3"
"621193","0","2"
"1229135","0","1"
"1229135","1","2"
"1229355","0","1"
"1229355","1","2"
"1229355","2","3"
"1229355","3","4"
"1229370","0","1"
"1229370","1","2"
"1229370","2","3"
"1229370","3","4"
"1231552","0","3"
"1234545","0","2"
"1279125","0","1"
"1279125","1","2"
"1279125","2","3"
"1279125","3","4"
"1279125","4","5"
"1279125","5","6"
"1279125","6","7"
"1235503","0","1"
"1235503","1","2"
"1235508","0","2"
"252851","0","2"
"252851","1","1"
"252851","2","3"
"252851","3","4"
"252851","4","5"
"252851","5","6"
"1234527","0","1"
"1234527","1","2"
"1234527","2","3"
"1234527","3","4"
"1234527","4","5"
"1234527","5","6"
"243777","0","1"
"374524","0","2"
"374524","1","3"
"198023","0","1"
"228862","0","1"
"228882","0","1"
"228882","1","2"
"228882","2","3"
"228913","0","2"
"237202","0","1"
"237202","1","2"
"237202","2","3"
"237202","3","4"
"243281","0","1"
"243281","1","2"
"243281","2","3"
"243723","0","3"
"243723","1","4"
"243723","2","5"
"243728","0","2"
"243728","1","3"
"243729","0","1"
"243729","1","2"
"243729","2","3"
"243729","3","4"
"243729","4","5"
"243729","5","6"
"243729","6","7"
"243729","7","8"
"243779","0","1"
"243779","1","3"
"243795","0","3"
"243795","1","4"
"243795","2","5"
"243796","0","1"
"243796","1","2"
"243797","0","2"
"243797","1","1"
"243806","0","1"
"243806","1","2"
"247778","0","1"
"247792","0","1"
"247792","1","2"
"247792","2","3"
"255736","0","1"
"255744","0","1"
"255760","0","1"
"259945","0","2"
"259945","1","3"
"259945","2","4"
"259945","3","5"
"260055","0","3"
"260055","1","4"
"266988","0","1"
"269366","0","3"
"272907","0","1"
"274945","0","2"
"276180","0","1"
"276180","1","2"
"276180","2","3"
"276181","0","1"
"276181","1","2"
"276181","2","3"
"276181","3","4"
"276215","0","2"
"276251","0","1"
"282631","0","1"
"282631","1","2"
"306402","0","1"
"315643","0","1"
"315643","1","2"
"315643","2","5"
"315682","0","1"
"315682","1","2"
"315682","2","3"
"315682","3","4"
"315702","0","1"
"315720","0","1"
"315720","1","2"
"316082","0","3"
"316086","0","3"
"323035","0","1"
"323038","0","1"
"323061","0","1"
"323061","1","2"
"323061","2","3"
"323061","3","4"
"323061","4","5"
"323073","0","1"
"323073","1","2"
"323073","2","3"
"323073","3","4"
"323080","0","1"
"323080","1","2"
"328897","0","1"
"328897","1","2"
"328897","2","3"
"329865","0","1"
"329865","1","2"
"330692","0","1"
"330692","1","2"
"330692","2","3"
"330692","3","4"
"330692","4","5"
"336293","0","2"
"336299","0","2"
"336299","1","1"
"336299","2","3"
"336333","0","1"
"336333","1","2"
"336333","2","3"
"337417","0","1"
"340878","0","2"
"345453","0","1"
"345453","1","31"
"345463","0","1"
"345463","1","2"
"351706","0","1"
"351706","1","2"
"351706","2","3"
"351708","0","2"
"351734","0","2"
"351734","1","1"
"351734","2","3"
"351734","3","4"
"351744","0","2"
"351744","1","1"
"351744","2","5"
"354380","0","1"
"354380","1","2"
"354380","2","3"
"354380","3","4"
"354380","4","5"
"354380","5","6"
"356608","0","1"
"356613","0","1"
"356798","0","1"
"362986","0","1"
"362986","1","2"
"362986","2","3"
"362986","3","4"
"364541","0","1"
"364576","0","2"
"368412","0","1"
"368412","1","2"
"370161","0","3"
"370161","1","4"
"370161","2","5"
"370161","3","6"
"371877","0","1"
"373411","0","1"
"373411","1","2"
"373411","2","3"
"373411","3","4"
"374782","0","2"
"374791","0","2"
"382022","0","1"
"382373","0","2"
"392043","0","1"
"392162","0","1"
"392162","1","2"
"392241","0","1"
"392257","0","4"
"392267","0","1"
"392267","1","3"
"392267","2","4"
"392267","3","6"
"392461","0","5"
"392472","0","2"
"403525","0","1"
"403525","1","2"
"448853","0","1"
"449190","0","1"
"449271","0","1"
"449319","0","2"
"449326","0","2"
"449335","0","11"
"449609","0","1"
"449669","0","1"
"450012","0","1"
"450012","1","2"
"450012","2","3"
"450041","0","1"
"450240","0","3"
"450395","0","2"
"457787","0","1"
"461159","0","1"
"461159","1","2"
"461331","0","1"
"461331","1","3"
"461331","2","4"
"463693","0","1"
"463720","0","11"
"464495","0","1"
"464495","1","2"
"466417","0","1"
"466455","0","2"
"466494","0","6"
"542079","0","1"
"542079","1","2"
"553659","0","1"
"553659","1","2"
"553706","0","13"
"553706","1","15"
"553713","0","7"
"553713","1","8"
"553713","2","9"
"553713","3","10"
"590647","0","7"
"591203","0","16"
"600137","0","1"
"600242","0","3"
"600419","0","2"
"600422","0","1"
"713154","0","2"
"765294","0","2"
"766671","0","1"
"766795","0","1"
"766810","0","1"
"766810","1","2"
"767723","0","2"
"792670","0","1"
"792695","0","1"
"834810","0","1"
"834810","1","2"
"834810","2","3"
"834833","0","2"
"834910","0","1"
"834924","0","1"
"834931","0","1"
"834933","0","3"
"834939","0","2"
"834977","0","3"
"835039","0","1"
"835052","0","1"
"835142","0","2"
"835144","0","1"
"835208","0","2"
"835224","0","1"
"835245","0","2"
"835261","0","3"
"835415","0","1"
"835471","0","1"
"835500","0","1"
"835506","0","1"
"841683","0","1"
"841683","1","2"
"844786","0","1"
"844786","1","2"
"844786","2","3"
"845445","0","1"
"845445","1","2"
"845445","2","3"
"845445","3","4"
"846134","0","1"
"1010183","0","1"
"1010403","0","1"
"1011319","0","1"
"1011466","0","5"
"1011466","1","6"
"1011466","2","7"
"1011479","0","1"
"1011479","1","2"
"1011479","2","3"
"1011479","3","4"
"1011923","0","1"
"1011929","0","1"
"1011974","0","1"
"1011974","1","2"
"1011983","0","2"
"1012115","0","2"
"1012542","0","1"
"1012543","0","2"
"1012552","0","1"
"1012552","1","2"
"1012552","2","3"
"1012552","3","10"
"1012562","0","1"
"1012562","1","2"
"1012566","0","1"
"1012566","1","2"
"1012566","2","3"
"1012566","3","4"
"1012566","4","5"
"1012566","5","6"
"1012566","6","7"
"1012566","7","8"
"1012585","0","3"
"1012791","0","2"
"1012791","1","4"
"1012791","2","5"
"1012923","0","2"
"1012923","1","3"
"1012923","2","4"
"1014847","0","1"
"1019393","0","1"
"1019401","0","1"
"1019487","0","1"
"1019487","1","2"
"1019527","0","2"
"1019597","0","1"
"1019597","1","2"
"1019698","0","1"
"1019699","0","1"
"1019700","0","2"
"1019718","0","1"
"1019750","0","1"
"1019853","0","10"
"1019853","1","11"
"1019853","2","12"
"1019856","0","1"
"1019856","1","2"
"1019856","2","3"
"1023530","0","1"
"1023530","1","2"
"1023530","2","4"
"1023530","3","3"
"1025609","0","1"
"1025609","1","2"
"1025609","2","3"
"1025609","3","4"
"1025609","4","5"
"1025609","5","6"
"1025609","6","7"
"1025616","0","1"
"1025616","1","2"
"1025616","2","3"
"1025616","3","4"
"1025616","4","5"
"1025619","0","1"
"1025619","1","2"
"1025619","2","4"
"1025619","3","5"
"1025619","4","6"
"1025619","5","7"
"1025651","0","1"
"1025651","1","2"
"1025651","2","3"
"1025651","3","5"
"1025651","4","6"
"1025671","0","1"
"1025671","1","2"
"1025672","0","1"
"1025672","1","2"
"1025672","2","3"
"1025672","3","4"
"1025672","4","5"
"1025711","0","2"
"1025727","0","1"
"1025727","1","2"
"1025727","2","3"
"1025738","0","1"
"1025738","1","2"
"1097679","0","1"
"1097766","0","2"
"1097795","0","5"
"1097795","1","7"
"1097806","0","2"
"1097940","0","1"
"1097940","1","2"
"1097970","0","1"
"1098018","0","5"
"1098057","0","3"
"1098057","1","4"
"1098285","0","2"
"1263230","0","1426057067560"
"1267626","0","1"
"1267662","0","1"
"1267680","0","1"
"1267680","1","2"
"1267680","2","3"
"1267694","0","1"
"1267694","1","2"
"1267694","2","3"
"1267694","3","4"
"1267694","4","5"
"1267709","0","1"
"1267795","0","1"
"1267795","1","2"
"1267795","2","3"
"1267795","3","4"
"1267795","4","5"
"1267795","5","6"
"1267803","0","2"
"1269768","0","1"
"1269774","0","1"
"1269831","0","7"
"1269841","0","2"
"1269870","0","16"
"1340749","0","2"
"1340905","0","1"
"1342173","0","1"
"1342254","0","1"
"1342404","0","2"
"1342679","0","3"
"1342861","0","1"
"1342861","1","2"
"1342872","0","1"
"1343611","0","2"
"1343618","0","3"
"1343618","1","2"
"1374842","0","1426057067549"
"1374842","1","1426057067553"
"1375165","0","1426057067553"
"1375174","0","1426057067556"
"1375174","1","1426057067557"
"1379814","0","1"
"1388390","0","1"
"1388390","1","2"
"1389869","0","1"
"1389869","1","2"
"1389893","0","2"
"1389893","1","3"
"1389893","2","4"
"1390648","0","1"
"1390648","1","2"
"1390816","0","1"
"1390816","1","2"
"1390816","2","3"
"1390816","3","4"
"1390816","4","5"
"1390982","0","1"
"1390982","1","2"
"1391099","0","1"
"1475998","0","1"
"1476002","0","1"
"1476005","0","1"
"1476022","0","1434852734285"
"1476029","0","1"
"1476048","0","1434852734288"
"1476048","1","1434852734289"
"1476060","0","2"
"1476075","0","1434852734291"
"1476084","0","1434852734293"
"1511401","0","1"
"1511401","1","2"
"1511401","2","3"
"1532000","0","2"
"1532049","0","3"
"1532049","1","4"
"1532056","0","2"
"1599584","0","1"
"1599584","1","2"
"1599584","2","3"
"1599584","3","4"
"1599597","0","1"
"1599597","1","2"
"1599597","2","3"
"1599603","0","1"
"1599603","1","2"
"1599603","2","3"
"1599628","0","4"
"1599631","0","1"
"1599631","1","2"
"1599631","2","3"
"1599631","3","4"
"1599638","0","1"
"1599638","1","2"
"1599638","2","3"
"1599638","3","4"
"1599661","0","2"
"1599661","1","3"
"1599661","2","4"
"1599670","0","1"
"1599670","1","2"
"1599670","2","3"
"1599683","0","1"
"1599683","1","2"
"1599701","0","1"
"1599701","1","2"
"1599708","0","1"
"1599708","1","2"
"1599711","0","1"
"1599711","1","2"
"1599712","0","1"
"1599712","1","2"
"1599712","2","3"
"1599718","0","1"
"1599719","0","1"
"1599719","1","2"
"1599723","0","1"
"1599725","0","1"
"1599730","0","1"
"1599734","0","1"
"1599734","1","2"
"1599765","0","1"
"1599765","1","2"
"1599765","2","3"
"1599841","0","2"
"1599841","1","1"
"1599847","0","1"
"1599847","1","2"
"1599847","2","3"
"1599849","0","1"
"1599849","1","2"
"1599849","2","3"
"1599849","3","4"
"1599850","0","1"
"1599850","1","2"
"1599850","2","3"
"1599851","0","1"
"1599851","1","2"
"1599851","2","3"
"1599851","3","4"
"1599852","0","1"
"1599852","1","2"
"1599852","2","3"
"1599852","3","4"
"1599862","0","2"
"1599862","1","1"
"1599862","2","1"
"1599862","3","4"
"1599862","4","5"
"1599863","0","1"
"1599863","1","2"
"1599864","0","5"
"1599864","1","6"
"1599864","2","7"
"1599864","3","8"
"1599864","4","9"
"1599864","5","10"
"1599864","6","11"
"1599871","0","3"
"1599871","1","2"
"1599871","2","3"
"1599871","3","4"
"1599871","4","5"
"1599872","0","1"
"1599872","1","2"
"1599872","2","3"
"1599872","3","4"
"1599873","0","1"
"1599875","0","1"
"1599876","0","1"
"1599881","0","1"
"1599882","0","1"
"1599882","1","2"
"1599882","2","3"
"1599882","3","4"
"1599882","4","5"
"1599887","0","1"
"1599889","0","1"
"1599889","1","2"
"1599889","2","3"
"1599889","3","4"
"1599889","4","5"
"1599889","5","6"
"1599902","0","1"
"1599902","1","2"
"1599909","0","1"
"1599909","1","2"
"1599923","0","1"
"1599923","1","2"
"1599923","2","6"
"1599925","0","1"
"1599925","1","2"
"1599925","2","4"
"1599925","3","5"
"1599925","4","8"
"1599930","0","2"
"1599930","1","1"
"1599930","2","6"
"1599930","3","7"
"1599930","4","8"
"1599930","5","9"
"1599930","6","10"
"1599930","7","31"
"1599935","0","2"
"1599941","0","8"
"1599946","0","2"
"1599946","1","1"
"1599946","2","3"
"1599946","3","4"
"1599946","4","5"
"1599946","5","6"
"1599946","6","7"
"1599947","0","1"
"1599947","1","2"
"1599947","2","3"
"1599947","3","4"
"1599954","0","1"
"1599954","1","2"
"1599954","2","3"
"1599954","3","5"
"1599954","4","6"
"1599954","5","7"
"1599959","0","1"
"1599959","1","2"
"1599961","0","1"
"1599961","1","2"
"1599961","2","3"
"1599961","3","4"
"1599968","0","1"
"1599999","0","1"
"1600001","0","1"
"1600001","1","2"
"1600001","2","3"
"1600001","3","4"
"1600001","4","5"
"1600001","5","6"
"1600001","6","7"
"1600001","7","8"
"1600001","8","9"
"1600010","0","1"
"1600010","1","2"
"1600010","2","3"
"1600010","3","4"
"1600010","4","5"
"1600015","0","1"
"1600015","1","2"
"1600015","2","3"
"1600015","3","4"
"1600015","4","5"
"1600015","5","6"
"1600016","0","1"
"1600016","1","2"
"1600018","0","1"
"1600018","1","2"
"1600018","2","3"
"1600018","3","4"
"1600018","4","5"
"1600018","5","6"
"1600025","0","1"
"1600025","1","2"
"1600026","0","1"
"1600026","1","2"
"1600026","2","3"
"1600026","3","4"
"1600029","0","1"
"1600029","1","2"
"1600029","2","3"
"1600032","0","1"
"1600032","1","2"
"1600034","0","1"
"1600034","1","2"
"1600034","2","3"
"1600034","3","4"
"1600036","0","1"
"1600036","1","2"
"1600036","2","3"
"1600039","0","1"
"1600039","1","3"
"1600042","0","1"
"1600042","1","2"
"1600043","0","1"
"1600043","1","2"
"1600043","2","3"
"1600043","3","4"
"1600046","0","2"
"1600046","1","1"
"1600046","2","3"
"1600046","3","4"
"1600046","4","5"
"1600047","0","1"
"1600047","1","2"
"1600047","2","3"
"1600048","0","1"
"1600050","0","1"
"1600051","0","1"
"1600051","1","2"
"1600053","0","1"
"1600053","1","2"
"1600055","0","3"
"1600055","1","5"
"1600055","2","6"
"1600055","3","7"
"1600055","4","8"
"1600056","0","2"
"1600056","1","3"
"1600056","2","4"
"1600056","3","5"
"1600056","4","6"
"1600058","0","1"
"1600058","1","2"
"1600059","0","1"
"1600059","1","2"
"1600059","2","3"
"1600059","3","4"
"1600059","4","5"
"1600068","0","17"
"1600069","0","1"
"1600071","0","1"
"1600071","1","2"
"1600071","2","3"
"1600071","3","4"
"1600073","0","1"
"1600074","0","1"
"1600074","1","2"
"1600074","2","3"
"1600074","3","4"
"1600074","4","5"
"1600074","5","6"
"1600075","0","1"
"1600076","0","1"
"1600078","0","2"
"1600078","1","1"
"1600080","0","1"
"1600082","0","1"
"1600082","1","2"
"1600082","2","3"
"1600082","3","4"
"1600082","4","5"
"1600082","5","6"
"1600082","6","7"
"1600084","0","1"
"1600086","0","1"
"1600087","0","1"
"1600090","0","1"
"1600092","0","1"
"1600092","1","2"
"1600094","0","1"
"1600094","1","2"
"1600095","0","1"
"1600096","0","2"
"1600096","1","1"
"1600096","2","3"
"1600096","3","4"
"1600098","0","1"
"1600101","0","1"
"1600105","0","1"
"1600105","1","2"
"1600105","2","15"
"1600105","3","4"
"1600105","4","5"
"1600105","5","6"
"1600105","6","7"
"1600106","0","1"
"1600107","0","1"
"1600107","1","2"
"1600107","2","3"
"1600107","3","4"
"1600107","4","5"
"1600108","0","1"
"1600108","1","2"
"1600109","0","2"
"1600109","1","1"
"1600109","2","3"
"1600109","3","4"
"1600109","4","5"
"1600111","0","1"
"1600111","1","2"
"1600111","2","3"
"1600111","3","4"
"1600111","4","5"
"1600112","0","1"
"1600112","1","2"
"1600122","0","1"
"1600122","1","2"
"1600122","2","3"
"1600125","0","2"
"1600125","1","1"
"1600125","2","3"
"1600125","3","4"
"1600125","4","5"
"1600125","5","16"
"1618834","0","1"
"1618842","0","1"
"1618875","0","4"
"1618876","0","4"
"1618887","0","2"
"1618897","0","3"
"1618954","0","1"
"1618955","0","1"
"1618961","0","3"
"1624247","0","2"
"1624286","0","2"
"1624402","0","1"
"1624403","0","3"
"1624406","0","2"
"1624409","0","1"
"1624425","0","4"
"1624434","0","1"
"1624445","0","1"
"1624467","0","1"
"1624471","0","1"
"1624478","0","1"
"1624484","0","2"
"1624495","0","1"
"1624496","0","1"
"1624520","0","1"
"1624524","0","1"
"1624533","0","1"
"1624556","0","1"
"1624558","0","1"
"1624558","1","6"
"1636164","0","3"
"1636164","1","4"
"1636449","0","1"
"1636450","0","1"
"1636452","0","3"
"1636452","1","7"
"1636452","2","8"
"1636452","3","2"
"1638013","0","1"
"1638037","0","2"
"1638039","0","2"
"1638062","0","1"
"1638062","1","24"
"1638062","2","25"
"1638066","0","2"
"1638066","1","4"
"1638066","2","3"
"1638067","0","1"
"1638067","1","2"
"1638068","0","1"
"1638068","1","2"
"1638068","2","3"
"1638303","0","2"
"1638303","1","3"
"1638358","0","1"
"1645990","0","1"
"1645990","1","2"
"1645996","0","1"
"1645996","1","2"
"1690101","0","2"
"1690178","0","6"
"1690178","1","19"
"1741912","0","1"
"1742040","0","1"
"1742043","0","2"
"1787657","0","3"
"1787669","0","1"
"1787669","1","2"
"1787676","0","1"
"1790258","0","1"
"1790291","0","1"
"1790291","1","2"
"1800352","0","1"
"1800352","1","2"
"1800352","2","3"
"1800352","3","4"
"1800363","0","1"
"1800363","1","2"
"1806160","0","1"
"1806163","0","2"
"1806163","1","3"
"1806166","0","3"
"1806166","1","4"
"1806166","2","5"
"1806253","0","1"
"1806292","0","2"
"1806312","0","3"
"1806320","0","3"
"1806327","0","1"
"1806327","1","2"
"1806476","0","2"
"1806478","0","2"
"1806480","0","1"
"1806828","0","1"
"1806828","1","2"
"1806865","0","2"
"1822855","0","2"
"1822937","0","4"
"1822938","0","4"
"1822940","0","4"
"1823477","0","1"
"1823478","0","1"
"1823498","0","1"
"1823508","0","1"
"1823526","0","1"
"1823532","0","1"
"1823534","0","1"
"1823865","0","1"
"1824088","0","2"
"1824116","0","26"
"1824129","0","26"
"1824138","0","2"
"2099171","0","2"
"2099273","0","1"
"2099278","0","2"
"2099280","0","3"
"2099335","0","2"
"2099336","0","1"
"2099345","0","4"
"2099346","0","2"
"2099434","0","6"
"2099443","0","2"
"2099455","0","1"
"2099466","0","1"
"2099475","0","1"
"2099475","1","3"
"2099475","2","4"
"2101903","0","2"
"2101907","0","3"
"2101951","0","1"
"2102207","0","1"
"2102207","1","2"
"2102207","2","3"
"2102211","0","2"
"2102211","1","3"
"2102211","2","4"
"2102211","3","5"
"2102225","0","1"
"2102225","1","2"
"2102225","2","3"
"2102225","3","4"
"2102225","4","5"
"2102225","5","6"
"2102225","6","7"
"2102225","7","8"
"2102239","0","1"
"2102239","1","3"
"2102239","2","4"
"2102239","3","5"
"2102239","4","6"
"2102239","5","7"
"2102240","0","1"
"2102240","1","2"
"2102240","2","4"
"2102252","0","2"
"2102252","1","1"
"2102253","0","3"
"2102258","0","1"
"2102258","1","2"
"2102259","0","4"
"2102268","0","2"
"2102276","0","1"
"2102276","1","2"
"2102276","2","4"
"2102289","0","1"
"2102289","1","2"
"2102289","2","3"
"2102289","3","4"
"2102289","4","5"
"2102289","5","6"
"2102294","0","3"
"2102294","1","1"
"2102344","0","5"
"2102344","1","6"
"2102344","2","7"
"2102355","0","1"
"2102355","1","2"
"2102355","2","3"
"2102355","3","4"
"2102356","0","3"
"2103051","0","1"
"2103051","1","2"
"2103051","2","3"
"2103051","3","4"
"2103051","4","5"
"2103051","5","6"
"2103133","0","1"
"2104212","0","1"
"2104212","1","2"
"2104221","0","1"
"2104221","1","2"
"2104221","2","3"
"2104225","0","5"
"2104225","1","7"
"2104301","0","1"
"2104301","1","2"
"2104301","2","3"
"2104301","3","4"
"2104301","4","5"
"2104324","0","3"
"2105261","0","1"
"2105401","0","1"
"2105401","1","2"
"2105404","0","1"
"2105406","0","1"
"2105406","1","2"
"2105407","0","1"
"2105407","1","2"
"2105407","2","3"
"2105407","3","4"
"2105418","0","3"
"2105440","0","1"
"2105440","1","2"
"2105441","0","1"
"2105444","0","1"
"2105444","1","2"
"2105670","0","1"
"2105670","1","2"
"2105670","2","3"
"2105682","0","1"
"2105682","1","2"
"2105682","2","3"
"2105682","3","4"
"2105682","4","5"
"2105682","5","6"
"2105700","0","1"
"2105700","1","2"
"2105700","2","3"
"2106004","0","1"
"2106004","1","3"
"2106004","2","4"
"2106004","3","5"
"2106004","4","6"
"2106004","5","7"
"2106009","0","5"
"2106009","1","4"
"2106055","0","1"
"2106055","1","2"
"2106064","0","1"
"2106064","1","2"
"2106064","2","3"
"2106096","0","1"
"2106096","1","2"
"2106402","0","1"
"2106402","1","2"
"2106402","2","3"
"2106402","3","4"
"2192995","0","60"
"2193000","0","2"
"2193003","0","1"
"2193003","1","2"
"2193003","2","3"
"2193024","0","1"
"2193024","1","2"
"2193024","2","3"
"2193103","0","3"
"2193121","0","1"
"2193121","1","2"
"2193121","2","1424273641512"
"2193121","3","1424273641513"
"2193140","0","1"
"2193162","0","1424273641518"
"2193316","0","1"
"2193316","1","5"
"2193316","2","6"
"2193661","0","1"
"2193661","1","4"
"2193661","2","5"
"2193661","3","6"
"2368059","0","1435982997291"
"2368059","1","1435982997292"
"2368071","0","1435982997290"
"2368071","1","1435982997291"
"2368071","2","1435982997293"
"2368089","0","1435982997293"
"2368089","1","1435982997294"
"2368129","0","1435982997293"
"2368129","1","1435982997294"
"2368267","0","1435717037233"
"2368268","0","1"
"2368268","1","2"
"2368273","0","3"
"2368273","1","4"
"2368292","0","1"
"2368522","0","1"
"2368543","0","2"
"2368548","0","1"
"2368554","0","2"
"2368564","0","2"
"2368566","0","1"
"2368569","0","1"
"2368571","0","1"
"2368576","0","2"
"2368580","0","3"
"2368583","0","7"
"2368585","0","4"
"2368592","0","1"
"2368612","0","1"
"2368617","0","2"
"2368629","0","1"
"2368630","0","1"
"2368630","1","2"
"2368634","0","1"
"2368636","0","3"
"2368642","0","1"
"2368643","0","2"
"2368647","0","1"
"2368647","1","4"
"2368649","0","2"
"2368679","0","2"
"2368682","0","2"
"2368692","0","1"
"2368722","0","1"
"2368724","0","2"
"2368729","0","1"
"2368807","0","1"
"2368821","0","1"
"2368822","0","1"
"2368832","0","2"
"2368839","0","4"
"2368840","0","2"
"2368841","0","2"
"2368843","0","2"
"2368848","0","3"
"2368850","0","3"
"2368853","0","1"
"2368859","0","1"
"2368860","0","5"
"2368934","0","1"
"2369244","0","1"
"2369286","0","1"
"2369582","0","1"
"2369582","1","2"
"2369585","0","1"
"2369585","1","2"
"2369585","2","3"
"2369585","3","4"
"2369585","4","5"
"2369585","5","6"
"2369590","0","1"
"2369590","1","2"
"2369590","2","3"
"2369590","3","4"
"2369590","4","5"
"2444037","0","3"
"2444037","1","4"
"2444190","0","1"
"2444190","1","2"
"2444190","2","3"
"2444190","3","4"
"2445345","0","2"
"2445352","0","1"
"2445352","1","2"
"2445356","0","1"
"2461847","0","1"
"2461847","1","2"
"2461847","2","3"
"2461862","0","3"
"2461862","1","2"
"2461862","2","4"
"2483205","0","2"
"2486207","0","1"
"2486207","1","2"
"2486240","0","4"
"2486240","1","1"
"2486243","0","1"
"2486243","1","2"
"2486243","2","5"
"2486254","0","1"
"2486254","1","2"
"2486254","2","3"
"2486264","0","1"
"2486267","0","1"
"2486267","1","2"
"2486267","2","4"
"2486272","0","2"
"2486277","0","1446274517716"
"2486278","0","1446274517717"
"2486278","1","1446274517718"
"2486278","2","1446274517719"
"2486291","0","1446274517721"
"2486291","1","1446274517722"
"2486294","0","1446274517721"
"2486299","0","1446274517723"
"2486299","1","1446274517724"
"2486309","0","1446274517730"
"2486325","0","1446274517747"
"2486327","0","1446274517749"
"2486330","0","1446274517748"
"2486335","0","1446274517751"
"2486339","0","1446274517752"
"2486351","0","1446274517755"
"2486355","0","1446274517757"
"2486366","0","1446274517758"
"2486367","0","1446274517759"
"2486373","0","1446274517761"
"2511087","0","1"
"2511095","0","1"
"2511095","1","2"
"2511101","0","2"
"2511102","0","1"
"2511115","0","1446274517762"
"2511123","0","1446274517764"
"2511125","0","1446274517765"
"2511210","0","1446274517770"
"2511504","0","1446274517770"
"2511508","0","1"
"2511508","1","2"
"2511515","0","1"
"2511515","1","3"
"2537671","0","3"
"2554345","0","1"
"2554345","1","2"
"2554481","0","1"
"2554533","0","1"
"2554550","0","1"
"2554550","1","2"
"2554551","0","1"
"2554551","1","2"
"2554556","0","1"
"2554556","1","2"
"2554561","0","1"
"2554561","1","2"
"2554596","0","4"
"2554604","0","1"
"2554607","0","1"
"2554608","0","1"
"2554613","0","1"
"587472","0","1"
"589187","0","5"
"589198","0","1"
"589286","0","2"
"589288","0","1"
"589388","0","1"
"590075","0","1"
"590075","1","2"
"2589513","0","1"
"2589514","0","1"
"2589529","0","1"
"2589947","0","1"
"2589947","1","2"
"2589949","0","1"
"2589949","1","2"
"2589950","0","1"
"2589957","0","1"
"2589959","0","1"
"2589959","1","2"
"2589960","0","1"
"2589960","1","2"
"2589961","0","1"
"2589961","1","2"
"2589961","2","3"
"2589961","3","4"
"2589990","0","1"
"2589991","0","3"
"2589997","0","1"
"2590001","0","1"
"2590001","1","2"
"2590002","0","1"
"2590007","0","2"
"2590008","0","4"
"2590159","0","1"
"2590159","1","2"
"2590161","0","1"
"2590162","0","1"
"2590162","1","2"
"2590163","0","1"
"2590163","1","2"
"2590166","0","1"
"2590166","1","2"
