"main.id","hpq_phiheal_life_mem.id","phiheal_life_mem_refno"
"203407","0","2"
"203547","0","1"
"203547","1","2"
"203547","2","3"
"203581","0","1"
"203581","1","3"
"203581","2","3"
"203581","3","4"
"212892","0","2"
"213202","0","1"
"213204","0","1"
"213204","1","2"
"213204","2","3"
"213204","3","4"
"213204","4","5"
"213204","5","6"
"213225","0","1"
"213225","1","2"
"213344","0","2"
"213344","1","1"
"213348","0","2"
"216505","0","1"
"216509","0","1"
"216509","1","2"
"216511","0","4"
"216513","0","1"
"216515","0","1"
"216515","1","2"
"216517","0","1"
"216517","1","2"
"216519","0","1"
"216519","1","2"
"216520","0","1"
"216520","1","2"
"216520","2","3"
"216520","3","4"
"216527","0","1"
"216530","0","1"
"216530","1","2"
"216530","2","3"
"216530","3","4"
"216535","0","1"
"216535","1","2"
"216535","2","3"
"216535","3","4"
"216537","0","1"
"216546","0","2"
"216546","1","3"
"217008","0","1"
"217008","1","2"
"217008","2","3"
"217008","3","4"
"217008","4","5"
"217008","5","6"
"217187","0","2"
"219707","0","1"
"219715","0","1"
"219715","1","2"
"219715","2","3"
"219715","3","4"
"219715","4","5"
"219717","0","1"
"219717","1","3"
"219718","0","1"
"219725","0","1"
"219725","1","2"
"219725","2","3"
"219725","3","5"
"221447","0","3"
"221447","1","4"
"221456","0","1"
"221459","0","1"
"221459","1","2"
"221461","0","1"
"221465","0","6"
"221468","0","1"
"221469","0","1"
"221472","0","1"
"221532","0","1"
"221534","0","1"
"226978","0","1"
"226978","1","2"
"227009","0","1"
"227013","0","1"
"229243","0","1"
"229250","0","3"
"229253","0","2"
"229258","0","1"
"229258","1","2"
"229260","0","2"
"229261","0","2"
"229264","0","2"
"229268","0","1"
"229268","1","2"
"229277","0","1"
"229280","0","1"
"229281","0","1"
"229281","1","2"
"231320","0","1"
"231320","1","2"
"231753","0","2"
"231770","0","1"
"231770","1","2"
"231773","0","1"
"231777","0","2"
"231798","0","1"
"232409","0","1"
"232419","0","1"
"232419","1","2"
"232419","2","3"
"232439","0","1"
"232439","1","2"
"232439","2","3"
"232441","0","1"
"232441","1","2"
"232441","2","3"
"232443","0","1"
"232443","1","2"
"232443","2","3"
"232443","3","4"
"232451","0","1"
"232461","0","1"
"232461","1","2"
"232461","2","4"
"232461","3","4"
"233325","0","1"
"233325","1","2"
"233335","0","1"
"233335","1","2"
"233344","0","1"
"233344","1","2"
"233346","0","1"
"233346","1","2"
"233346","2","3"
"233346","3","4"
"233351","0","1"
"233351","1","2"
"233352","0","1"
"233352","1","2"
"233352","2","3"
"233352","3","4"
"233363","0","1"
"233363","1","2"
"233364","0","1"
"233364","1","2"
"233364","2","3"
"235142","0","1"
"236087","0","1"
"236101","0","1"
"236101","1","2"
"236206","0","1"
"236206","1","2"
"236210","0","1"
"236210","1","2"
"236210","2","3"
"236286","0","1"
"236286","1","2"
"236286","2","3"
"236286","3","4"
"236286","4","5"
"243321","0","2"
"243327","0","1"
"243327","1","2"
"243329","0","2"
"243330","0","2"
"243331","0","1"
"243331","1","2"
"243342","0","1"
"243350","0","1"
"243365","0","1"
"243365","1","2"
"243380","0","1"
"245393","0","1"
"245393","1","2"
"245393","2","3"
"245393","3","4"
"245393","4","5"
"245395","0","1"
"245395","1","2"
"245395","2","3"
"245395","3","4"
"245397","0","1"
"245418","0","1"
"245418","1","2"
"245429","0","1"
"245429","1","2"
"245429","2","3"
"245429","3","4"
"245441","0","1"
"245441","1","2"
"245461","0","1"
"245461","1","2"
"245461","2","3"
"245482","0","1"
"245482","1","2"
"245499","0","1"
"247207","0","1"
"247207","1","2"
"247207","2","3"
"247207","3","4"
"247225","0","4"
"248639","0","1"
"252427","0","1"
"262205","0","1"
"262227","0","2"
"266185","0","1"
"266185","1","2"
"266185","2","3"
"266185","3","4"
"266185","4","5"
"266185","5","6"
"266185","6","7"
"266185","7","8"
"266185","8","11"
"266191","0","1"
"266194","0","1"
"266195","0","1"
"266195","1","2"
"266198","0","1"
"266198","1","2"
"266198","2","3"
"266198","3","4"
"266198","4","5"
"266199","0","1"
"266199","1","2"
"266201","0","1"
"266201","1","2"
"266203","0","1"
"266203","1","2"
"266203","2","3"
"266204","0","1"
"266204","1","2"
"266204","2","3"
"266205","0","1"
"266205","1","2"
"266205","2","3"
"266206","0","1"
"266206","1","2"
"266208","0","1"
"266208","1","2"
"266208","2","3"
"266208","3","4"
"266209","0","1"
"266209","1","2"
"266209","2","3"
"266209","3","4"
"266227","0","1"
"266227","1","2"
"266244","0","1"
"266244","1","2"
"266244","2","3"
"266244","3","4"
"266244","4","5"
"266248","0","1"
"266248","1","2"
"266248","2","3"
"266252","0","1"
"266254","0","1"
"266254","1","2"
"266254","2","6"
"266262","0","1"
"266262","1","2"
"266262","2","3"
"266262","3","4"
"266269","0","1"
"266269","1","2"
"266269","2","4"
"266297","0","1"
"266297","1","2"
"266297","2","3"
"266297","3","4"
"266297","4","5"
"266304","0","2"
"266304","1","3"
"266304","2","4"
"266304","3","5"
"266314","0","1"
"266314","1","2"
"266314","2","3"
"266314","3","4"
"266314","4","5"
"286383","0","2"
"286387","0","1"
"286399","0","1"
"307979","0","1"
"307980","0","1"
"307980","1","2"
"307980","2","3"
"307980","3","4"
"307982","0","1"
"307982","1","2"
"307982","2","3"
"307982","3","4"
"307982","4","5"
"307982","5","6"
"307982","6","7"
"307984","0","1"
"307987","0","1"
"307987","1","2"
"307987","2","3"
"308000","0","1"
"308000","1","2"
"308001","0","1"
"308001","1","2"
"308001","2","6"
"308001","3","7"
"308009","0","1"
"308009","1","2"
"308011","0","1"
"308011","1","2"
"308011","2","3"
"308011","3","4"
"308011","4","5"
"308018","0","1"
"308018","1","2"
"308018","2","3"
"308018","3","4"
"308023","0","1"
"308023","1","2"
"308023","2","3"
"308023","3","4"
"308023","4","5"
"308023","5","6"
"308023","6","7"
"308025","0","1"
"308025","1","2"
"308025","2","3"
"308028","0","1"
"308028","1","2"
"308028","2","3"
"308028","3","4"
"308028","4","5"
"308035","0","1"
"308035","1","3"
"308041","0","1"
"308041","1","2"
"308043","0","1"
"308043","1","2"
"308043","2","3"
"308043","3","4"
"308043","4","5"
"308043","5","6"
"308043","6","7"
"309803","0","2"
"309803","1","3"
"309810","0","1"
"309810","1","2"
"309811","0","2"
"309816","0","4"
"309842","0","1"
"309862","0","1"
"309862","1","2"
"309864","0","1"
"309870","0","6"
"309883","0","1"
"309891","0","1"
"309891","1","2"
"309895","0","1"
"309895","1","2"
"309929","0","1"
"309951","0","1"
"309952","0","1"
"309952","1","2"
"309953","0","1"
"309953","1","2"
"309953","2","3"
"309954","0","1"
"309954","1","2"
"310007","0","1"
"310007","1","2"
"310135","0","1"
"310135","1","2"
"310315","0","1"
"310342","0","1"
"310412","0","1"
"310415","0","1"
"310419","0","1"
"310464","0","1"
"310464","1","2"
"310464","2","3"
"310468","0","1"
"310468","1","2"
"310545","0","1"
"310545","1","2"
"310545","2","3"
"310545","3","4"
"310582","0","3"
"310585","0","1"
"310662","0","1"
"310662","1","2"
"311607","0","2"
"311607","1","3"
"311607","2","4"
"311607","3","5"
"311607","4","6"
"311607","5","7"
"311619","0","1"
"311619","1","2"
"311619","2","3"
"311619","3","4"
"311619","4","5"
"311619","5","6"
"311619","6","7"
"311625","0","1"
"311625","1","2"
"311625","2","3"
"311625","3","4"
"311625","4","6"
"311625","5","7"
"311627","0","1"
"311627","1","2"
"311627","2","3"
"311633","0","1"
"311633","1","2"
"311633","2","3"
"311633","3","4"
"311633","4","5"
"311633","5","6"
"311645","0","1"
"311645","1","2"
"311649","0","1"
"311649","1","2"
"311655","0","1"
"311655","1","2"
"311659","0","1"
"311659","1","2"
"311659","2","3"
"311659","3","4"
"311664","0","1"
"311664","1","2"
"311664","2","4"
"311664","3","5"
"311664","4","6"
"311668","0","1"
"311668","1","2"
"311668","2","3"
"311668","3","4"
"311668","4","5"
"311669","0","1"
"311669","1","2"
"311670","0","1"
"311670","1","2"
"311670","2","3"
"311670","3","4"
"311670","4","5"
"311673","0","1"
"311673","1","2"
"311673","2","3"
"311673","3","4"
"311673","4","5"
"311675","0","1"
"311675","1","2"
"311675","2","4"
"311677","0","1"
"311677","1","2"
"311677","2","3"
"311677","3","4"
"311678","0","1"
"311679","0","1"
"311679","1","2"
"311679","2","3"
"311679","3","4"
"311679","4","5"
"311679","5","6"
"311681","0","1"
"311681","1","2"
"311681","2","3"
"311681","3","4"
"311681","4","5"
"311687","0","1"
"311687","1","2"
"311687","2","4"
"311687","3","5"
"311688","0","1"
"311688","1","2"
"311688","2","4"
"311688","3","5"
"311688","4","6"
"311690","0","1"
"311690","1","2"
"311692","0","1"
"311692","1","2"
"311692","2","3"
"311692","3","4"
"311692","4","5"
"311696","0","1"
"311696","1","2"
"311696","2","3"
"311696","3","4"
"311699","0","1"
"311699","1","2"
"311699","2","3"
"311699","3","4"
"311699","4","5"
"311699","5","6"
"311704","0","1"
"311704","1","2"
"311704","2","3"
"311704","3","4"
"311704","4","5"
"311712","0","1"
"311712","1","2"
"311712","2","3"
"311712","3","4"
"311712","4","5"
"311724","0","2"
"311724","1","3"
"311724","2","4"
"311724","3","5"
"311724","4","6"
"311724","5","7"
"311727","0","1"
"311736","0","1"
"311736","1","2"
"311736","2","3"
"311736","3","4"
"311736","4","5"
"311738","0","1"
"311738","1","2"
"311738","2","3"
"311738","3","4"
"311738","4","5"
"311742","0","1"
"311747","0","1"
"311747","1","2"
"311747","2","3"
"311747","3","4"
"311747","4","5"
"311747","5","6"
"311747","6","7"
"311750","0","2"
"311753","0","1"
"311753","1","2"
"311754","0","1"
"311757","0","1"
"311757","1","2"
"311757","2","3"
"311757","3","4"
"311757","4","5"
"311757","5","6"
"314594","0","2"
"315425","0","1"
"315425","1","2"
"317059","0","1"
"317059","1","2"
"317060","0","1"
"317060","1","2"
"317074","0","1"
"317074","1","2"
"317074","2","3"
"317083","0","1"
"317098","0","1"
"317098","1","2"
"317104","0","1"
"317108","0","1"
"317132","0","1"
"317208","0","1"
"317208","1","2"
"317213","0","1"
"317213","1","2"
"317240","0","1"
"317246","0","1"
"317246","1","2"
"321865","0","1"
"321885","0","1"
"321907","0","1"
"321919","0","1"
"321925","0","1"
"321925","1","2"
"321948","0","1"
"321948","1","2"
"328642","0","1"
"328642","1","2"
"328683","0","1"
"328711","0","1"
"328719","0","1"
"329900","0","1"
"329905","0","1"
"329905","1","2"
"329905","2","3"
"329920","0","2"
"329920","1","1"
"329948","0","1"
"329948","1","2"
"332298","0","1"
"332299","0","2"
"335034","0","1"
"335034","1","2"
"335038","0","1"
"335038","1","2"
"335038","2","3"
"335038","3","4"
"335041","0","1"
"335041","1","2"
"335041","2","3"
"335041","3","4"
"335041","4","5"
"335041","5","6"
"335041","6","7"
"335044","0","1"
"335044","1","2"
"335044","2","3"
"335051","0","1"
"335051","1","2"
"335051","2","3"
"335051","3","4"
"335051","4","5"
"335051","5","6"
"335051","6","7"
"335053","0","1"
"335053","1","2"
"335053","2","3"
"335053","3","4"
"335056","0","1"
"335056","1","2"
"335056","2","4"
"335056","3","5"
"335058","0","1"
"335058","1","2"
"335058","2","3"
"335058","3","4"
"335060","0","1"
"335060","1","2"
"335060","2","3"
"335060","3","4"
"335060","4","5"
"335060","5","6"
"335060","6","7"
"335060","7","8"
"335060","8","9"
"335062","0","1"
"335062","1","2"
"335063","0","1"
"335063","1","2"
"335063","2","3"
"335063","3","4"
"335063","4","5"
"335063","5","6"
"335063","6","7"
"335064","0","1"
"335064","1","2"
"335064","2","3"
"335074","0","1"
"335074","1","2"
"335074","2","3"
"335074","3","4"
"335074","4","5"
"335075","0","1"
"335075","1","2"
"335075","2","3"
"335076","0","1"
"335076","1","2"
"335076","2","3"
"335076","3","4"
"335076","4","5"
"335080","0","1"
"335080","1","2"
"335080","2","3"
"335080","3","4"
"335080","4","5"
"335080","5","6"
"335083","0","1"
"335083","1","2"
"335083","2","3"
"335087","0","1"
"335087","1","2"
"335087","2","3"
"335087","3","4"
"335090","0","1"
"335090","1","2"
"335090","2","3"
"335090","3","4"
"335090","4","5"
"335090","5","6"
"335090","6","7"
"335090","7","8"
"335090","8","9"
"335097","0","1"
"335097","1","2"
"335097","2","3"
"335097","3","4"
"335097","4","5"
"336861","0","2"
"336861","1","1"
"336874","0","1"
"336874","1","2"
"336874","2","3"
"336884","0","1"
"336884","1","2"
"336884","2","3"
"336884","3","4"
"336902","0","1"
"336902","1","2"
"336908","0","1"
"336908","1","2"
"336908","2","3"
"336908","3","4"
"336908","4","5"
"336908","5","6"
"336908","6","7"
"336922","0","1"
"336922","1","2"
"336922","2","3"
"336922","3","4"
"336922","4","5"
"336924","0","1"
"336924","1","2"
"336924","2","3"
"336924","3","4"
"336924","4","5"
"336924","5","6"
"336924","6","7"
"336931","0","1"
"336931","1","2"
"336931","2","3"
"336931","3","4"
"336931","4","5"
"336937","0","1"
"336937","1","2"
"336937","2","3"
"336937","3","4"
"336937","4","5"
"336937","5","6"
"336940","0","1"
"336940","1","2"
"336940","2","3"
"336940","3","4"
"336940","4","5"
"336940","5","6"
"336940","6","7"
"336942","0","1"
"336942","1","2"
"336942","2","3"
"336942","3","4"
"336942","4","5"
"336942","5","6"
"336942","6","7"
"340410","0","1"
"340410","1","2"
"351876","0","1"
"351876","1","2"
"351876","2","3"
"367211","0","1"
"367211","1","2"
"392695","0","1"
"392695","1","2"
"392695","2","3"
"392695","3","4"
"392695","4","5"
"392698","0","1"
"392698","1","2"
"392698","2","5"
"392698","3","11"
"392701","0","1"
"392701","1","2"
"392701","2","3"
"392701","3","4"
"392701","4","5"
"392701","5","6"
"392701","6","7"
"392719","0","1"
"392719","1","2"
"392729","0","1"
"392729","1","2"
"392729","2","3"
"392729","3","4"
"392729","4","5"
"392732","0","1"
"392732","1","2"
"392757","0","1"
"392757","1","2"
"392757","2","3"
"392757","3","4"
"392757","4","5"
"392769","0","1"
"392773","0","1"
"392773","1","2"
"392773","2","3"
"392773","3","4"
"392778","0","1"
"392787","0","1"
"392791","0","1"
"392791","1","3"
"392791","2","4"
"392794","0","1"
"392794","1","2"
"392794","2","3"
"392794","3","4"
"392794","4","5"
"392794","5","6"
"392794","6","7"
"392797","0","1"
"392797","1","2"
"392797","2","3"
"394279","0","1"
"394279","1","2"
"394279","2","3"
"394279","3","4"
"394279","4","5"
"394283","0","1"
"394283","1","2"
"394283","2","3"
"394305","0","1"
"394305","1","2"
"394305","2","3"
"394305","3","4"
"394315","0","1"
"394315","1","2"
"394315","2","3"
"394315","3","4"
"394325","0","1"
"394325","1","2"
"394325","2","3"
"394325","3","4"
"394330","0","1"
"394330","1","2"
"394330","2","3"
"394330","3","4"
"394330","4","5"
"394330","5","6"
"394339","0","1"
"394339","1","2"
"394347","0","1"
"394347","1","2"
"394347","2","3"
"394347","3","4"
"394347","4","5"
"394359","0","1"
"394359","1","2"
"394359","2","3"
"394359","3","4"
"394359","4","5"
"394364","0","1"
"394364","1","2"
"394364","2","3"
"394364","3","4"
"394364","4","5"
"394367","0","1"
"394367","1","2"
"394367","2","3"
"394383","0","1"
"394383","1","2"
"394383","2","3"
"394387","0","1"
"394387","1","2"
"394387","2","3"
"394387","3","4"
"394387","4","5"
"394471","0","1"
"394471","1","2"
"394471","2","3"
"394471","3","4"
"394471","4","5"
"394471","5","6"
"394471","6","7"
"394476","0","1"
"394476","1","2"
"394476","2","3"
"394476","3","4"
"394483","0","1"
"394483","1","2"
"394493","0","1"
"394499","0","1"
"394499","1","2"
"394499","2","5"
"394531","0","1"
"394531","1","2"
"446762","0","1"
"446775","0","1"
"446775","1","2"
"446775","2","3"
"446775","3","4"
"446775","4","5"
"446775","5","6"
"446783","0","1"
"446783","1","2"
"446783","2","3"
"446783","3","4"
"446783","4","5"
"446783","5","6"
"446798","0","1"
"446887","0","1"
"446887","1","2"
"446887","2","3"
"446887","3","4"
"452792","0","1"
"452792","1","2"
"2448090","0","2"
"171435","0","1"
"171479","0","1"
"171481","0","1"
"171484","0","1"
"171513","0","1"
"171687","0","1"
"176620","0","1"
"176620","1","2"
"176626","0","1"
"180296","0","1"
"180296","1","2"
"198140","0","1"
"198148","0","2"
"198152","0","2"
"200237","0","1"
"208034","0","1"
"208036","0","1"
"208043","0","1"
"226418","0","1"
"231045","0","3"
"231500","0","1"
"246902","0","1"
"271840","0","2"
"272215","0","2"
"272274","0","2"
"272276","0","1"
"272276","1","2"
"273823","0","2"
"273847","0","1"
"273858","0","1"
"273858","1","2"
"276026","0","2"
"276031","0","2"
"276032","0","1"
"276032","1","2"
"276401","0","1"
"276403","0","1"
"276410","0","1"
"276482","0","1"
"276486","0","2"
"276510","0","2"
"278130","0","1"
"278207","0","1"
"281126","0","1"
"281131","0","2"
"283622","0","1"
"283811","0","1"
"285688","0","1"
"285705","0","2"
"285802","0","1"
"285871","0","1"
"285871","1","2"
"287657","0","1"
"288335","0","2"
"288336","0","1"
"288336","1","2"
"288340","0","3"
"288358","0","1"
"298462","0","1"
"298536","0","1"
"300525","0","1"
"300570","0","1"
"301756","0","1"
"301756","1","2"
"301800","0","1"
"301800","1","2"
"308244","0","1"
"308244","1","2"
"308267","0","2"
"310387","0","1"
"310387","1","2"
"325419","0","1"
"325544","0","1"
"326162","0","1"
"326189","0","2"
"326189","1","3"
"326483","0","1"
"326596","0","1"
"326596","1","2"
"328004","0","2"
"328004","1","3"
"328004","2","4"
"328005","0","1"
"328005","1","2"
"334814","0","1"
"346749","0","1"
"346749","1","2"
"347192","0","1"
"357480","0","2"
"362366","0","1"
"362383","0","1"
"370899","0","1"
"370920","0","1"
"370924","0","2"
"371707","0","1"
"372740","0","1"
"375055","0","1"
"375075","0","1"
"375075","1","2"
"375079","0","1"
"375079","1","2"
"375136","0","1"
"375136","1","2"
"375136","2","3"
"375136","3","4"
"375136","4","5"
"404526","0","1"
"405334","0","1"
"405485","0","1"
"405485","1","2"
"412944","0","1"
"412944","1","1"
"414418","0","2"
"414418","1","3"
"436472","0","3"
"443939","0","1"
"443939","1","2"
"456249","0","1"
"457602","0","2"
"471154","0","1"
"471170","0","1"
"471170","1","2"
"474245","0","1"
"478124","0","2"
"478131","0","1"
"478131","1","2"
"479784","0","1"
"479836","0","3"
"487425","0","3"
"487891","0","2"
"487891","1","1"
"487891","2","3"
"487891","3","4"
"487891","4","5"
"487908","0","1"
"487908","1","2"
"492988","0","1"
"496185","0","2"
"504314","0","1"
"506390","0","1"
"506390","1","2"
"507128","0","1"
"507620","0","2"
"509152","0","2"
"509287","0","1"
"509615","0","1"
"509718","0","1"
"510502","0","2"
"510540","0","3"
"510593","0","1"
"510702","0","4"
"510769","0","2"
"511410","0","2"
"511796","0","1"
"520349","0","1"
"523752","0","1"
"533682","0","1"
"540931","0","2"
"328010","0","7"
"559073","0","1"
"562157","0","1"
"562157","1","2"
"562157","2","3"
"562157","3","4"
"562157","4","5"
"562158","0","1"
"568031","0","2"
"569563","0","1"
"572218","0","1"
"572218","1","2"
"572233","0","1"
"572243","0","1"
"572243","1","2"
"572282","0","1"
"572302","0","1"
"572302","1","2"
"573129","0","2"
"573129","1","1"
"612187","0","2"
"612195","0","2"
"612776","0","3"
"618630","0","1"
"618634","0","1"
"822806","0","1"
"825150","0","1"
"825232","0","8"
"825261","0","3"
"375132","0","3"
"375132","1","1"
"375132","2","2"
"1135937","0","2"
"1148110","0","1"
"272269","0","2"
"409984","0","1"
"409984","1","2"
"573145","0","1"
"573145","1","2"
"273850","0","1"
"411068","0","1"
"334488","0","1"
"896188","0","1"
"288601","0","1"
"300605","0","1"
"538580","0","2"
"510450","0","1"
"510450","1","2"
"136461","0","1"
"136849","0","1"
"137622","0","1"
"137622","1","2"
"138859","0","1"
"138859","1","2"
"139460","0","1"
"139460","1","2"
"139462","0","1"
"139644","0","1"
"140745","0","2"
"142194","0","1"
"145780","0","2"
"152747","0","1"
"152748","0","2"
"152758","0","1"
"153392","0","1"
"153403","0","1"
"153408","0","1"
"158270","0","1"
"158303","0","1"
"160467","0","2"
"161728","0","1"
"161728","1","2"
"161765","0","1"
"163966","0","2"
"163966","1","3"
"163992","0","1"
"163992","1","2"
"164001","0","2"
"164001","1","1"
"178755","0","1"
"178755","1","2"
"178755","2","3"
"178755","3","4"
"178755","4","5"
"178755","5","6"
"178778","0","1"
"178778","1","2"
"178778","2","3"
"178778","3","4"
"178778","4","5"
"178778","5","6"
"183616","0","1"
"192547","0","3"
"213547","0","2"
"213547","1","1"
"213547","2","3"
"213547","3","4"
"213559","0","1"
"213559","1","2"
"213561","0","1"
"213561","1","2"
"213561","2","3"
"213561","3","4"
"213562","0","1"
"213565","0","1"
"213565","1","2"
"213600","0","1"
"213600","1","2"
"232746","0","2"
"232748","0","1"
"232755","0","1"
"232756","0","1"
"232760","0","1"
"233305","0","1"
"233307","0","1"
"233312","0","4"
"233722","0","1"
"233722","1","6"
"234150","0","1"
"247324","0","1"
"247364","0","1"
"247364","1","2"
"247395","0","2"
"247395","1","1"
"247395","2","3"
"247395","3","4"
"247395","4","5"
"247395","5","6"
"247395","6","7"
"247395","7","8"
"247395","8","9"
"249851","0","1"
"261289","0","2"
"261289","1","3"
"261289","2","4"
"261289","3","5"
"261289","4","6"
"261344","0","1"
"261344","1","2"
"261351","0","1"
"261351","1","2"
"261457","0","1"
"261457","1","2"
"281793","0","1"
"281806","0","1"
"281876","0","1"
"281876","1","2"
"281893","0","1"
"281893","1","2"
"281894","0","1"
"281896","0","1"
"281896","1","2"
"284521","0","1"
"284521","1","2"
"285563","0","1"
"285563","1","2"
"285579","0","1"
"285579","1","2"
"286476","0","1"
"286514","0","1"
"294791","0","1"
"294791","1","2"
"294791","2","3"
"294791","3","4"
"294791","4","5"
"343457","0","1"
"377509","0","1"
"377509","1","2"
"377509","2","3"
"377512","0","1"
"377512","1","2"
"377513","0","2"
"377529","0","2"
"377529","1","3"
"377529","2","4"
"377550","0","2"
"377557","0","2"
"377557","1","3"
"377557","2","4"
"377557","3","5"
"377557","4","6"
"377557","5","7"
"377563","0","1"
"377563","1","2"
"377563","2","3"
"377563","3","4"
"377563","4","5"
"377563","5","6"
"377981","0","2"
"377981","1","3"
"429769","0","1"
"431083","0","1"
"544275","0","1"
"561433","0","2"
"561433","1","3"
"561433","2","4"
"562908","0","1"
"562908","1","2"
"563001","0","1"
"563001","1","2"
"563001","2","3"
"563001","3","4"
"563137","0","1"
"564607","0","1"
"686019","0","2"
"810091","0","1"
"810091","1","2"
"811170","0","1"
"811170","1","2"
"1014450","0","1"
"1014453","0","1"
"1017372","0","1"
"1599301","0","1"
"1599306","0","1"
"233326","0","1"
"210836","0","1"
"380508","0","1"
"233276","0","1"
"165927","0","1"
"165932","0","1"
"165937","0","1"
"161897","0","1"
"161898","0","2"
"161899","0","2"
"161902","0","2"
"161904","0","2"
"161907","0","1"
"161914","0","2"
"161914","1","6"
"161928","0","3"
"342876","0","1"
"342876","1","2"
"425114","0","1"
"425114","1","2"
"425114","2","3"
"425114","3","4"
"425114","4","5"
"425114","5","6"
"425119","0","1"
"425119","1","2"
"425119","2","3"
"202892","0","1"
"202892","1","2"
"202892","2","3"
"202903","0","1"
"202903","1","2"
"202903","2","3"
"202903","3","4"
"217311","0","1"
"217314","0","1"
"217314","1","2"
"217314","2","3"
"217315","0","1"
"217316","0","1"
"217323","0","1"
"217323","1","2"
"217326","0","1"
"217326","1","2"
"217327","0","1"
"217327","1","2"
"217331","0","1"
"217331","1","2"
"240594","0","1"
"240594","1","2"
"240596","0","2"
"240611","0","1"
"240624","0","1"
"240626","0","1"
"240626","1","2"
"240640","0","1"
"240640","1","2"
"240642","0","1"
"240651","0","3"
"240661","0","1"
"240664","0","1"
"240664","1","2"
"145760","0","2"
"145775","0","1"
"161851","0","1"
"161851","1","2"
"162941","0","3"
"162957","0","1"
"162957","1","2"
"187197","0","1"
"187265","0","1"
"187265","1","2"
"187281","0","1"
"187281","1","2"
"158075","0","1"
"659879","0","3"
"659879","1","1"
"659879","2","2"
"178753","0","1"
"229008","0","1"
"229008","1","2"
"229026","0","1"
"229026","1","2"
"193098","0","1"
"194432","0","1"
"194434","0","5"
"197981","0","1"
"197982","0","1"
"197983","0","1"
"197983","1","2"
"197986","0","1"
"197991","0","2"
"197993","0","1"
"198008","0","1"
"198008","1","2"
"198009","0","2"
"198024","0","2"
"198124","0","1"
"198124","1","2"
"198142","0","1"
"198143","0","1"
"198146","0","2"
"198147","0","1"
"198147","1","2"
"198183","0","1"
"198195","0","1"
"198195","1","2"
"199632","0","1"
"199640","0","1"
"199640","1","2"
"199642","0","1"
"199642","1","2"
"199643","0","1"
"199643","1","2"
"203464","0","1"
"213528","0","2"
"214765","0","1"
"216466","0","2"
"220760","0","1"
"220763","0","1"
"220763","1","2"
"220764","0","1"
"220944","0","1"
"220944","1","2"
"220944","2","5"
"220944","3","6"
"220944","4","7"
"227539","0","1"
"227539","1","3"
"229490","0","1"
"229490","1","2"
"229495","0","1408157241089"
"229495","1","1408157241090"
"229495","2","1408157241092"
"232083","0","1"
"241505","0","1"
"241505","1","2"
"241515","0","1"
"241515","1","2"
"241539","0","1"
"241539","1","2"
"241546","0","1"
"241546","1","2"
"241548","0","1"
"241548","1","2"
"241563","0","1"
"242240","0","1"
"242240","1","2"
"242259","0","1"
"242259","1","2"
"242259","2","3"
"242259","3","4"
"242259","4","5"
"242306","0","1"
"242306","1","2"
"244879","0","1"
"244879","1","2"
"245967","0","1"
"245967","1","2"
"245970","0","1"
"245978","0","1"
"245978","1","2"
"249103","0","1"
"249117","0","1"
"249117","1","2"
"249152","0","2"
"249158","0","1"
"252855","0","1"
"252857","0","1"
"252857","1","1"
"252859","0","1"
"252926","0","5"
"252956","0","1"
"252956","1","3"
"252965","0","1"
"252969","0","3"
"260145","0","1"
"260221","0","2"
"263662","0","1"
"263662","1","2"
"263818","0","11"
"263818","1","12"
"267894","0","1"
"270789","0","1"
"270789","1","2"
"270828","0","1"
"270828","1","2"
"274468","0","2"
"274468","1","3"
"274845","0","1"
"274845","1","2"
"275659","0","1"
"288471","0","1"
"288480","0","1"
"292311","0","1"
"292311","1","2"
"293207","0","1"
"293207","1","2"
"293209","0","1"
"303261","0","2"
"303284","0","1"
"307082","0","1"
"307082","1","2"
"313609","0","3"
"317416","0","1"
"317416","1","2"
"323756","0","1"
"323756","1","2"
"333747","0","1"
"333747","1","2"
"333785","0","1"
"338683","0","3"
"345233","0","1"
"348448","0","1413482237747"
"370367","0","1"
"370367","1","2"
"372556","0","4"
"372556","1","5"
"374504","0","1"
"374504","1","2"
"377976","0","1"
"377976","1","2"
"382164","0","2"
"382164","1","3"
"408460","0","1"
"408460","1","2"
"458724","0","1"
"458724","1","3"
"458748","0","1"
"458816","0","1"
"458816","1","2"
"458816","2","3"
"458821","0","1"
"458821","1","2"
"458821","2","3"
"467178","0","1"
"467178","1","2"
"467178","2","3"
"467179","0","1"
"467179","1","2"
"467179","2","3"
"467184","0","1"
"467184","1","2"
"467184","2","3"
"467184","3","4"
"467198","0","1"
"467198","1","2"
"467202","0","1"
"467202","1","2"
"467205","0","1"
"467205","1","2"
"467213","0","1"
"467213","1","2"
"468916","0","1"
"468916","1","2"
"468916","2","3"
"469351","0","1"
"469351","1","2"
"479239","0","1"
"504579","0","1"
"504579","1","2"
"504586","0","1"
"504586","1","2"
"504682","0","1"
"504713","0","1"
"530440","0","1"
"536969","0","1"
"537004","0","1"
"537004","1","2"
"560849","0","1"
"261614","0","1"
"261646","0","27"
"748612","0","1"
"231162","0","1"
"231162","1","2"
"1229885","0","1"
"1229885","1","2"
"1229893","0","1"
"1229893","1","2"
"1230137","0","1"
"1230138","0","1"
"1230138","1","2"
"1230141","0","1"
"1230586","0","1"
"1236662","0","1"
"401311","0","2"
"401311","1","1"
"1273963","0","1"
"1273963","1","2"
"1273975","0","1"
"1273975","1","2"
"1279129","0","1"
"1279129","1","2"
"1425681","0","1"
"1425694","0","1"
"1425694","1","2"
"197980","0","1"
"228882","0","4"
"228903","0","1"
"228946","0","1"
"235268","0","2"
"235339","0","1"
"235339","1","3"
"235377","0","2"
"235482","0","1"
"237193","0","1"
"237193","1","2"
"237193","2","3"
"237193","3","4"
"237193","4","5"
"237193","5","6"
"243270","0","1"
"243270","1","2"
"243695","0","1"
"243695","1","2"
"243779","0","1"
"243779","1","2"
"243779","2","3"
"243783","0","3"
"243783","1","4"
"243783","2","5"
"255725","0","1"
"255725","1","2"
"255725","2","3"
"255725","3","4"
"255725","4","5"
"255729","0","1"
"255756","0","3"
"269370","0","1"
"269397","0","1"
"269397","1","2"
"269397","2","3"
"269397","3","4"
"269403","0","1"
"269403","1","2"
"272668","0","1"
"272668","1","2"
"272669","0","1"
"276215","0","2"
"281976","0","1"
"281976","1","2"
"287454","0","1"
"287457","0","3"
"287457","1","4"
"287457","2","5"
"287458","0","3"
"287458","1","4"
"287460","0","3"
"287460","1","4"
"287461","0","1"
"287461","1","2"
"287461","2","3"
"287461","3","4"
"287461","4","5"
"287467","0","1"
"287467","1","2"
"287467","2","3"
"287467","3","4"
"336347","0","1"
"336347","1","2"
"337287","0","1"
"337424","0","1"
"337424","1","2"
"344501","0","1"
"351718","0","1"
"351718","1","2"
"351718","2","3"
"351766","0","2"
"351766","1","1"
"356637","0","1"
"356798","0","1"
"361733","0","1"
"361733","1","2"
"361733","2","3"
"368416","0","1"
"370158","0","2"
"374780","0","1"
"374780","1","4"
"376942","0","1"
"376942","1","4"
"377549","0","2"
"392161","0","1"
"392161","1","2"
"392161","2","3"
"448835","0","4"
"448840","0","6"
"448873","0","1"
"448935","0","1"
"449228","0","1"
"463656","0","1"
"466487","0","1"
"519378","0","2"
"520874","0","1"
"520888","0","2"
"590546","0","1"
"590779","0","1"
"590818","0","1"
"591151","0","1"
"591183","0","1"
"713151","0","1"
"713153","0","1"
"792716","0","8"
"834807","0","2"
"834839","0","2"
"834933","0","1"
"834948","0","2"
"834958","0","9"
"834977","0","1"
"835101","0","1"
"835219","0","2"
"835248","0","1"
"835248","1","2"
"835271","0","1"
"835425","0","1"
"835429","0","1"
"835429","1","2"
"835453","0","1"
"835477","0","1"
"835477","1","2"
"835495","0","1"
"835531","0","2"
"839546","0","1"
"845063","0","1"
"845063","1","2"
"845063","2","3"
"857443","0","1"
"857443","1","2"
"1011483","0","1"
"1011483","1","2"
"1011483","2","5"
"1019814","0","1"
"1019849","0","1"
"1019849","1","2"
"1019854","0","1"
"1019854","1","2"
"1023038","0","1"
"1023038","1","2"
"1023057","0","1"
"1023059","0","1"
"1023064","0","1"
"1023066","0","1"
"1023068","0","1"
"1023090","0","1"
"1023094","0","1"
"1023112","0","1"
"1023112","1","2"
"1023505","0","1"
"1023508","0","1"
"1023513","0","1"
"1023513","1","2"
"1023559","0","1"
"1023562","0","2"
"1023568","0","1"
"1023568","1","2"
"1025571","0","1"
"1025571","1","3"
"1025571","2","4"
"1025573","0","1"
"1025577","0","1"
"1025649","0","1"
"1025679","0","1"
"1025703","0","1"
"1025706","0","1"
"1025706","1","2"
"1025714","0","1"
"1025720","0","1"
"1025720","1","2"
"1025725","0","1"
"1025733","0","1"
"1025741","0","1"
"1154059","0","1"
"1154059","1","11"
"1154059","2","12"
"1154059","3","45"
"1154073","0","1"
"1154093","0","1"
"1267567","0","2"
"1267593","0","1"
"1267595","0","2"
"1267604","0","1"
"1269660","0","1"
"1342267","0","1"
"1342334","0","1"
"1390579","0","2"
"1390736","0","2"
"1390736","1","2"
"1390736","2","3"
"1475990","0","1"
"1475990","1","2"
"1475996","0","1"
"1475997","0","4"
"1476012","0","1"
"1476012","1","2"
"1476039","0","1"
"1476039","1","2"
"1476064","0","1"
"1476078","0","1"
"1476085","0","1434852734293"
"1599606","0","2"
"1599606","1","1"
"1599613","0","4"
"1599656","0","1"
"1599656","1","2"
"1599666","0","1"
"1599666","1","2"
"1599735","0","1"
"1618853","0","1"
"1618853","1","2"
"1618874","0","1"
"1618879","0","1"
"1618926","0","1"
"1618928","0","1"
"1618928","1","2"
"1618933","0","1"
"1618942","0","5"
"1618944","0","1"
"1618944","1","2"
"1618951","0","1"
"1618953","0","3"
"1618956","0","1"
"1618956","1","2"
"1618961","0","1"
"1618975","0","1"
"1618985","0","1"
"1618995","0","3"
"1619002","0","1"
"1619003","0","1"
"1619007","0","1"
"1619007","1","2"
"1619008","0","1"
"1619008","1","2"
"1619011","0","1"
"1619011","1","2"
"1619016","0","1"
"1619016","1","2"
"1619017","0","1"
"1619017","1","2"
"1619018","0","1"
"1619019","0","1"
"1619021","0","1"
"1619021","1","2"
"1624255","0","1"
"1624415","0","3"
"1624418","0","1"
"1624419","0","1"
"1624424","0","1"
"1624426","0","1"
"1624427","0","1"
"1624430","0","1"
"1624432","0","1"
"1624432","1","3"
"1624441","0","1"
"1624514","0","1"
"1624522","0","1"
"1624523","0","1"
"1624525","0","1"
"1624526","0","1"
"1624532","0","1"
"1624532","1","2"
"1624536","0","2"
"1624548","0","1"
"1624548","1","2"
"1624554","0","1"
"1624555","0","3"
"1624557","0","2"
"1624559","0","1"
"1636354","0","1"
"1636354","1","2"
"1636357","0","1"
"1636358","0","1"
"1636358","1","2"
"1636366","0","1"
"1636366","1","2"
"1636368","0","1"
"1636381","0","1"
"1636381","1","2"
"1636382","0","1"
"1636414","0","1"
"1636426","0","2"
"1636433","0","1"
"1636433","1","2"
"1636490","0","1"
"1636490","1","2"
"1636496","0","1"
"1638289","0","2"
"1638289","1","1"
"1638302","0","1"
"1638303","0","1"
"1638341","0","1"
"1638343","0","1"
"1638344","0","1"
"1638346","0","1"
"1638350","0","1"
"1638351","0","1"
"1638354","0","1"
"1638354","1","2"
"1638356","0","2"
"1638357","0","2"
"1638359","0","1"
"1638359","1","2"
"1638361","0","1"
"1638364","0","2"
"1667949","0","1"
"1668348","0","1"
"1668348","1","2"
"1668351","0","1"
"1668381","0","1"
"1668381","1","2"
"1668491","0","2"
"1668497","0","1"
"1690006","0","1"
"1690007","0","1"
"1690182","0","1"
"1690183","0","1"
"1690193","0","2"
"1690199","0","1"
"1741907","0","2"
"1741908","0","2"
"1741913","0","1"
"1741966","0","1"
"1741998","0","1"
"1742012","0","1"
"1742014","0","1"
"1742036","0","2"
"1742036","1","3"
"1768355","0","1"
"1768355","1","2"
"1768359","0","1"
"1768359","1","2"
"1801212","0","1"
"1806166","0","1"
"1806166","1","2"
"1806169","0","1"
"1806263","0","1"
"1806263","1","2"
"1806266","0","1"
"1806266","1","2"
"1806270","0","1"
"1806311","0","1"
"1806311","1","2"
"1806312","0","1"
"1806313","0","1"
"1806314","0","1"
"1806316","0","1"
"1806316","1","2"
"1806320","0","1"
"1806320","1","2"
"1806327","0","4"
"1806328","0","1"
"1806328","1","2"
"1806339","0","1"
"1806393","0","2"
"1806404","0","1"
"1806404","1","2"
"1806406","0","1"
"1806460","0","1"
"1806460","1","2"
"1806462","0","1"
"1806464","0","1"
"1806464","1","2"
"1806474","0","1"
"1806475","0","1"
"1806479","0","6"
"1806481","0","1"
"1806482","0","1"
"1806484","0","1"
"1806484","1","2"
"1806492","0","1"
"1806492","1","2"
"1806823","0","1"
"1806823","1","2"
"1822143","0","1"
"1822145","0","1"
"1822158","0","1"
"1822158","1","2"
"1822163","0","1"
"1822195","0","1"
"1822203","0","1"
"1822205","0","1"
"1822205","1","2"
"1822217","0","1"
"1822217","1","2"
"1822221","0","1"
"1822864","0","2"
"1822909","0","1"
"1822909","1","2"
"1822909","2","3"
"1822909","3","4"
"1822909","4","5"
"1822963","0","1"
"1822963","1","2"
"1822963","2","3"
"1822963","3","4"
"1822963","4","5"
"1823467","0","1"
"1823467","1","2"
"1823474","0","2"
"1823480","0","2"
"1823492","0","1"
"1823513","0","1"
"1823540","0","1"
"1823540","1","3"
"1823540","2","5"
"1823541","0","5"
"2099434","0","3"
"2102259","0","1"
"2102271","0","1"
"2102271","1","2"
"2102272","0","1"
"2103068","0","1"
"2103068","1","2"
"2103068","2","3"
"2105379","0","2"
"2367998","0","1"
"2368024","0","1435982997288"
"2368103","0","1435982997292"
"2368106","0","1435982997293"
"2368149","0","2"
"2368172","0","1435717037228"
"2368172","1","1435717037229"
"2368188","0","1"
"2368191","0","1435717037229"
"2368192","0","1435717037229"
"2368198","0","1"
"2368213","0","1435717037231"
"2368222","0","2"
"2368222","1","1"
"2368226","0","4"
"2368229","0","1435717037232"
"2368231","0","2"
"2368261","0","1435717037233"
"2368262","0","1"
"2368263","0","1"
"2368263","1","2"
"2368270","0","1435717037234"
"2368272","0","7"
"2368272","1","6"
"2368274","0","1"
"2368276","0","1"
"2368286","0","2"
"2368292","0","2"
"2368579","0","2"
"2368585","0","2"
"2368586","0","1"
"2368653","0","1"
"2368688","0","1"
"2368829","0","1"
"2368829","1","2"
"2368831","0","1"
"2368831","1","2"
"2368831","2","3"
"2368834","0","1"
"2368839","0","1"
"2368839","1","2"
"2368846","0","1"
"2368847","0","1"
"2368850","0","1"
"2368851","0","1"
"2368860","0","1"
"2369252","0","1"
"2369267","0","1"
"2369270","0","1"
"2369292","0","1"
"2369292","1","2"
"2369564","0","1"
"2369570","0","1"
"2369578","0","1"
"2369580","0","1"
"2369584","0","1"
"2369587","0","1"
"2369587","1","2"
"2369595","0","1"
"2369595","1","2"
"2369598","0","1"
"2369598","1","2"
"2369600","0","1"
"2369602","0","1"
"2369602","1","2"
"2369609","0","5"
"2369609","1","6"
"2369613","0","1"
"2369618","0","1"
"2369618","1","2"
"2369619","0","1"
"2369619","1","2"
"2369631","0","1"
"2369631","1","2"
"2369633","0","1"
"2369633","1","1"
"2369639","0","1"
"2369640","0","1"
"2369640","1","2"
"2369645","0","1"
"2369645","1","2"
"2369660","0","1"
"2369673","0","1"
"2369673","1","2"
"2369720","0","1"
"2369720","1","2"
"2369725","0","1"
"2369735","0","1"
"2369736","0","1"
"2369762","0","1"
"2443966","0","3"
"2443966","1","9"
"2444106","0","1"
"2461867","0","1"
"2461867","1","2"
"2461867","2","3"
"2461867","3","4"
"2461867","4","5"
"2461867","5","6"
"2486234","0","1"
"2486237","0","7"
"2486241","0","1"
"2486248","0","2"
"2486256","0","2"
"2486257","0","1"
"2486262","0","1"
"2486262","1","2"
"2486276","0","1446274517715"
"2486279","0","1446274517718"
"2486281","0","1446274517718"
"2486281","1","1446274517719"
"2486287","0","1446274517720"
"2486288","0","1446274517721"
"2486290","0","1446274517720"
"2486293","0","1446274517722"
"2486302","0","1446274517725"
"2486305","0","1446274517725"
"2486309","0","1446274517726"
"2486311","0","1446274517727"
"2486314","0","1446274517727"
"2486314","1","1446274517728"
"2486315","0","1446274517727"
"2486316","0","1446274517727"
"2486317","0","1446274517728"
"2486319","0","1446274517741"
"2486319","1","1446274517742"
"2486322","0","1446274517744"
"2486322","1","1446274517745"
"2486323","0","1446274517744"
"2486329","0","1446274517748"
"2486332","0","1446274517750"
"2486334","0","1446274517751"
"2486340","0","1446274517753"
"2486343","0","1446274517753"
"2486345","0","1446274517755"
"2486346","0","1446274517754"
"2486353","0","1446274517756"
"2486359","0","1446274517756"
"2486360","0","1446274517757"
"2486361","0","1446274517757"
"2486361","1","1446274517760"
"2486362","0","1446274517757"
"2486363","0","1446274517760"
"2486364","0","1446274517759"
"2486365","0","1446274517759"
"2486371","0","1446274517760"
"2511063","0","2"
"2511067","0","1"
"2511076","0","1"
"2511084","0","5"
"2511097","0","1"
"2511099","0","1"
"2511117","0","1446274517763"
"2511117","1","1446274517764"
"2511136","0","1446274517765"
"2511143","0","1446274517765"
"2511154","0","1446274517766"
"2511166","0","1446274517767"
"2511192","0","1446274517767"
"2511203","0","1446274517769"
"2511505","0","1"
"2511506","0","3"
"2511510","0","1"
"2511510","1","2"
"2511511","0","1"
"2554327","0","1"
"2554327","1","3"
"2554334","0","1"
"2554479","0","1"
"2554517","0","2"
"2554518","0","2"
"2554520","0","1"
"2554527","0","1"
"2554532","0","6"
"2554541","0","1"
"2554549","0","1"
"2554559","0","1"
"2554565","0","1"
"2554571","0","4"
"2554579","0","1"
"2554587","0","5"
"2554590","0","1"
"2554590","1","2"
"2554591","0","1"
"2554591","1","2"
"2554603","0","1"
"2554603","1","5"
"589188","0","1"
"589188","1","2"
"589318","0","1"
"2589895","0","2"
