"main.id","hpq_fudforsch_mem.id","fudforsch_mem_refno"
"199446","0","2"
"203407","0","5"
"203410","0","2"
"203410","1","3"
"203411","0","6"
"203415","0","4"
"203415","1","3"
"203543","0","3"
"203561","0","1"
"203561","1","2"
"203561","2","3"
"203561","3","4"
"203561","4","5"
"203561","5","6"
"203561","6","7"
"203561","7","8"
"206357","0","3"
"206357","1","4"
"206359","0","3"
"207273","0","3"
"207295","0","4"
"207307","0","4"
"207308","0","3"
"207308","1","4"
"207312","0","9"
"207312","1","8"
"207486","0","2"
"207487","0","4"
"207488","0","3"
"207488","1","4"
"207489","0","6"
"207489","1","7"
"213063","0","9"
"213085","0","2"
"213085","1","3"
"213140","0","4"
"213202","0","5"
"213204","0","6"
"213210","0","5"
"213217","0","4"
"213228","0","4"
"213230","0","3"
"213316","0","5"
"213341","0","6"
"213378","0","5"
"216322","0","2"
"216330","0","5"
"216336","0","3"
"216341","0","5"
"216345","0","3"
"216907","0","6"
"216913","0","2"
"216916","0","5"
"216929","0","3"
"216929","1","4"
"216942","0","3"
"216943","0","4"
"216944","0","2"
"216944","1","3"
"216946","0","3"
"216951","0","3"
"216955","0","3"
"216955","1","4"
"216955","2","5"
"216957","0","4"
"216957","1","5"
"216959","0","3"
"216959","1","4"
"216959","2","5"
"216960","0","6"
"216963","0","4"
"216964","0","4"
"216964","1","5"
"216971","0","5"
"216971","1","6"
"219467","0","3"
"219469","0","4"
"219470","0","5"
"219474","0","8"
"219475","0","3"
"219475","1","4"
"219480","0","3"
"219480","1","4"
"219480","2","5"
"219480","3","6"
"219492","0","5"
"219492","1","6"
"219518","0","4"
"219518","1","4"
"219625","0","5"
"219712","0","5"
"219735","0","2"
"219735","1","3"
"219736","0","4"
"221448","0","3"
"221450","0","4"
"221450","1","5"
"221490","0","4"
"221500","0","3"
"221517","0","8"
"221518","0","3"
"221530","0","6"
"227290","0","3"
"227290","1","4"
"227290","2","6"
"227291","0","4"
"227292","0","6"
"227297","0","4"
"227326","0","2"
"227337","0","3"
"227337","1","4"
"227338","0","5"
"227343","0","3"
"227345","0","4"
"227353","0","4"
"227355","0","4"
"227363","0","3"
"227386","0","5"
"227388","0","2"
"227388","1","3"
"227388","2","4"
"227391","0","6"
"227395","0","3"
"227397","0","4"
"227400","0","5"
"228653","0","3"
"228663","0","6"
"228666","0","3"
"228679","0","3"
"228680","0","3"
"228711","0","4"
"228721","0","5"
"228820","0","5"
"231323","0","4"
"231338","0","4"
"231369","0","5"
"231391","0","5"
"231391","1","6"
"231411","0","6"
"231412","0","6"
"231412","1","7"
"231413","0","3"
"231417","0","3"
"231420","0","6"
"231420","1","7"
"231420","2","8"
"231434","0","3"
"231434","1","4"
"231438","0","4"
"231439","0","5"
"231447","0","3"
"231454","0","5"
"232434","0","3"
"232447","0","3"
"232447","1","4"
"232460","0","3"
"232470","0","3"
"232474","0","4"
"232481","0","4"
"232481","1","5"
"232497","0","6"
"232497","1","5"
"232501","0","5"
"232516","0","2"
"232556","0","4"
"232566","0","3"
"233916","0","4"
"234006","0","5"
"234006","1","4"
"234006","2","3"
"235138","0","3"
"235139","0","3"
"235144","0","4"
"235145","0","3"
"235146","0","4"
"235146","1","3"
"235694","0","3"
"235694","1","4"
"235696","0","6"
"235698","0","5"
"235701","0","5"
"235773","0","7"
"236123","0","1"
"236123","1","2"
"236123","2","3"
"236123","3","4"
"236133","0","1"
"236133","1","2"
"236133","2","3"
"236133","3","4"
"236133","4","5"
"236133","5","6"
"236133","6","7"
"236133","7","8"
"236141","0","1"
"236141","1","2"
"236141","2","3"
"236141","3","4"
"240757","0","7"
"240768","0","3"
"240769","0","6"
"240773","0","5"
"240775","0","7"
"240777","0","4"
"240804","0","8"
"240808","0","2"
"240834","0","8"
"240840","0","4"
"240873","0","7"
"240904","0","3"
"245380","0","8"
"245384","0","2"
"245387","0","3"
"245417","0","2"
"245421","0","4"
"245428","0","5"
"245459","0","4"
"245510","0","5"
"247246","0","3"
"247246","1","4"
"247299","0","4"
"247303","0","4"
"247304","0","3"
"247305","0","4"
"247307","0","4"
"247307","1","6"
"247323","0","3"
"247333","0","4"
"247347","0","3"
"247347","1","4"
"250586","0","6"
"250615","0","3"
"251792","0","5"
"251794","0","4"
"251904","0","4"
"252530","0","9"
"255932","0","5"
"263621","0","5"
"263625","0","4"
"263631","0","7"
"263639","0","5"
"263654","0","10"
"265299","0","3"
"265299","1","4"
"266232","0","2"
"266237","0","3"
"266239","0","3"
"266258","0","4"
"266280","0","11"
"266298","0","2"
"266298","1","3"
"266316","0","3"
"266321","0","5"
"266321","1","6"
"266321","2","21"
"266364","0","3"
"266366","0","3"
"266376","0","3"
"266449","0","4"
"272832","0","3"
"272900","0","9"
"274482","0","7"
"274483","0","3"
"274483","1","4"
"274483","2","6"
"274707","0","3"
"274709","0","7"
"274724","0","5"
"274732","0","6"
"274752","0","3"
"274754","0","6"
"274760","0","5"
"274761","0","3"
"274761","1","4"
"274763","0","7"
"274766","0","5"
"274778","0","3"
"274783","0","7"
"274783","1","5"
"274786","0","3"
"274786","1","4"
"293426","0","3"
"293429","0","5"
"293431","0","4"
"299057","0","23"
"299261","0","28"
"299262","0","5"
"299271","0","4"
"299278","0","3"
"299278","1","4"
"299290","0","6"
"308102","0","3"
"311945","0","4"
"311987","0","3"
"312017","0","3"
"312020","0","2"
"312053","0","5"
"312097","0","5"
"315425","0","1"
"315425","1","2"
"317453","0","3"
"317655","0","4"
"317655","1","5"
"155016","0","3"
"155017","0","3"
"168706","0","6"
"171462","0","2"
"171499","0","3"
"171499","1","4"
"171502","0","193"
"171504","0","3"
"171504","1","4"
"171506","0","8"
"171526","0","3"
"171527","0","4"
"171527","1","5"
"171530","0","3"
"171551","0","6"
"171553","0","3"
"171554","0","5"
"171557","0","5"
"171558","0","4"
"171563","0","4"
"171566","0","4"
"171569","0","3"
"171573","0","4"
"171577","0","3"
"171604","0","4"
"172338","0","6"
"172341","0","4"
"172344","0","3"
"172347","0","4"
"172352","0","3"
"172474","0","3"
"172474","1","4"
"175346","0","4"
"175594","0","4"
"175608","0","7"
"175621","0","4"
"175621","1","5"
"176264","0","10"
"176594","0","4"
"176621","0","4"
"179113","0","5"
"179113","1","6"
"182676","0","4"
"182678","0","4"
"200235","0","3"
"200240","0","3"
"200242","0","2"
"200243","0","3"
"200244","0","5"
"231025","0","6"
"231037","0","6"
"231043","0","6"
"237234","0","3"
"237840","0","6"
"243656","0","7"
"243671","0","5"
"243681","0","3"
"243683","0","2"
"246910","0","6"
"246915","0","3"
"246917","0","6"
"246911","0","3"
"246911","1","4"
"253391","0","2"
"253392","0","3"
"263847","0","3"
"263848","0","8"
"264003","0","3"
"268787","0","10"
"268891","0","3"
"269723","0","2"
"271298","0","3"
"271298","1","4"
"271298","2","5"
"280834","0","5"
"281131","0","5"
"283618","0","4"
"301439","0","5"
"303602","0","3"
"303602","1","4"
"303624","0","3"
"303624","1","4"
"314398","0","3"
"322096","0","7"
"322103","0","2"
"322103","1","3"
"322139","0","5"
"322147","0","4"
"322154","0","5"
"322157","0","3"
"322165","0","2"
"322171","0","2"
"322172","0","4"
"322196","0","8"
"322214","0","4"
"322214","1","5"
"322219","0","2"
"322219","1","3"
"322219","2","4"
"322219","3","5"
"322219","4","6"
"322219","5","7"
"322225","0","3"
"322225","1","4"
"322227","0","3"
"322228","0","4"
"322228","1","5"
"322178","0","9"
"326463","0","4"
"326463","1","5"
"326485","0","8"
"327987","0","285"
"358573","0","9"
"370863","0","4"
"377368","0","8"
"384569","0","5"
"384572","0","3"
"384584","0","3"
"384589","0","2"
"397869","0","5"
"400758","0","3"
"400797","0","8"
"400846","0","6"
"400846","1","7"
"406740","0","11"
"411007","0","4"
"411007","1","6"
"411007","2","7"
"411029","0","4"
"411037","0","4"
"411104","0","3"
"414415","0","7"
"414464","0","5"
"414483","0","4"
"456002","0","5"
"466795","0","6"
"471426","0","3"
"471434","0","5"
"471439","0","3"
"471441","0","7"
"471445","0","6"
"471447","0","4"
"471457","0","6"
"477623","0","3"
"477638","0","2"
"478125","0","3"
"482203","0","4"
"482232","0","7"
"487673","0","4"
"505904","0","2"
"238524","0","3"
"301409","0","4"
"253411","0","4"
"558412","0","74"
"558412","1","7"
"558435","0","7"
"558466","0","5"
"558468","0","4"
"562165","0","4"
"564801","0","6"
"564802","0","5"
"564802","1","6"
"564802","2","7"
"564805","0","3"
"564812","0","5"
"564814","0","6"
"564816","0","7"
"564821","0","4"
"568035","0","4"
"568036","0","3"
"568037","0","4"
"568037","1","5"
"568038","0","4"
"568042","0","7"
"568048","0","4"
"568057","0","2"
"568059","0","4"
"568074","0","3"
"568076","0","5"
"568081","0","4"
"570750","0","6"
"570751","0","8"
"570753","0","4"
"570753","1","5"
"570754","0","4"
"570755","0","6"
"570757","0","3"
"570757","1","4"
"573114","0","6"
"573116","0","3"
"573119","0","4"
"573123","0","3"
"573151","0","4"
"573158","0","7"
"576313","0","3"
"322144","0","3"
"351453","0","4"
"385932","0","4"
"1147860","0","3"
"1147860","1","4"
"346747","0","3"
"246914","0","6"
"243668","0","4"
"243694","0","6"
"243694","1","7"
"451580","0","8"
"1170908","0","7"
"482233","0","3"
"384583","0","4"
"456001","0","4"
"568089","0","6"
"1232133","0","5"
"573141","0","4"
"1232237","0","3"
"154918","0","3"
"154918","1","4"
"154919","0","6"
"154919","1","7"
"533814","0","4"
"1695623","0","4"
"892130","0","4"
"406736","0","3"
"619897","0","2"
"568060","0","2"
"452107","0","5"
"452107","1","6"
"471433","0","8"
"1695619","0","3"
"1695654","0","4"
"1736619","0","3"
"1736619","1","5"
"1736619","2","6"
"511411","0","3"
"136818","0","4"
"136818","1","5"
"136823","0","2"
"136873","0","3"
"136873","1","4"
"136874","0","2"
"137386","0","3"
"137386","1","4"
"137518","0","4"
"137550","0","7"
"137684","0","5"
"137699","0","3"
"137786","0","4"
"137932","0","5"
"137932","1","6"
"137932","2","7"
"137964","0","4"
"137964","1","5"
"138852","0","4"
"138852","1","5"
"144278","0","3"
"144278","1","4"
"144320","0","6"
"145795","0","8"
"146333","0","3"
"150174","0","4"
"150182","0","4"
"150200","0","3"
"150201","0","3"
"150204","0","3"
"150207","0","4"
"150207","1","7"
"151832","0","5"
"153714","0","3"
"153717","0","12"
"153763","0","3"
"153763","1","4"
"154458","0","5"
"154458","1","4"
"154459","0","4"
"154462","0","7"
"154485","0","3"
"154487","0","5"
"154493","0","7"
"154502","0","3"
"154502","1","4"
"158253","0","4"
"158280","0","2"
"158281","0","5"
"158281","1","6"
"158282","0","4"
"158291","0","4"
"158295","0","2"
"158307","0","5"
"158310","0","5"
"158317","0","3"
"158317","1","4"
"158450","0","2"
"160478","0","3"
"161768","0","3"
"163959","0","2"
"165978","0","3"
"166002","0","3"
"166002","1","4"
"166010","0","4"
"166016","0","3"
"166123","0","4"
"166131","0","5"
"166132","0","5"
"166161","0","5"
"166162","0","3"
"166162","1","4"
"166165","0","3"
"166168","0","5"
"167379","0","4"
"167379","1","5"
"167382","0","4"
"167388","0","3"
"167388","1","4"
"167402","0","4"
"167405","0","5"
"167413","0","5"
"178742","0","4"
"178747","0","2"
"178747","1","3"
"178750","0","5"
"178755","0","6"
"178764","0","3"
"178764","1","4"
"178769","0","4"
"178769","1","5"
"178775","0","2"
"178775","1","3"
"178778","0","6"
"178784","0","3"
"178791","0","3"
"178820","0","3"
"178960","0","3"
"188984","0","9"
"189457","0","9"
"196148","0","3"
"196148","1","4"
"196152","0","5"
"196156","0","4"
"196160","0","3"
"201975","0","6"
"202353","0","5"
"202363","0","4"
"202369","0","5"
"210527","0","5"
"213544","0","5"
"213550","0","6"
"213555","0","6"
"229650","0","3"
"229650","1","4"
"231736","0","2"
"231736","1","3"
"231736","2","4"
"233175","0","7"
"247386","0","5"
"249739","0","28"
"249748","0","5"
"249750","0","4"
"249771","0","5"
"249773","0","4"
"249778","0","5"
"249781","0","6"
"249792","0","4"
"252183","0","3"
"252194","0","6"
"252431","0","6"
"252431","1","11"
"252431","2","13"
"252431","3","14"
"252436","0","6"
"253604","0","7"
"253605","0","7"
"253607","0","8"
"253611","0","3"
"253613","0","6"
"253615","0","4"
"253616","0","4"
"253622","0","5"
"253623","0","4"
"253626","0","7"
"253670","0","3"
"253670","1","4"
"253673","0","6"
"261324","0","3"
"261358","0","18"
"261372","0","3"
"261383","0","4"
"261400","0","10"
"261523","0","7"
"264990","0","3"
"265002","0","2"
"265011","0","7"
"265022","0","3"
"265052","0","5"
"265061","0","5"
"265125","0","3"
"266711","0","4"
"266790","0","3"
"267435","0","3"
"267435","1","4"
"267435","2","5"
"273220","0","6"
"273221","0","8"
"276945","0","5"
"294801","0","4"
"295100","0","4"
"314538","0","5"
"314538","1","6"
"355243","0","4"
"377496","0","7"
"377871","0","5"
"393404","0","4"
"393408","0","8"
"393561","0","3"
"393563","0","4"
"403924","0","6"
"542581","0","26"
"542585","0","3"
"542641","0","3"
"561126","0","4"
"561367","0","7"
"810650","0","6"
"810650","1","7"
"820793","0","4"
"820793","1","5"
"151507","0","4"
"151510","0","3"
"151512","0","4"
"151515","0","7"
"151515","1","6"
"151518","0","5"
"151524","0","3"
"151528","0","7"
"151529","0","8"
"152545","0","4"
"152553","0","6"
"152555","0","3"
"153611","0","3"
"153613","0","3"
"153614","0","4"
"153617","0","5"
"153657","0","3"
"154435","0","9"
"154439","0","3"
"154441","0","3"
"154445","0","5"
"154450","0","4"
"196161","0","3"
"264926","0","3"
"249726","0","5"
"249749","0","3"
"1136288","0","6"
"1595076","0","3"
"158311","0","6"
"1017374","0","3"
"1017375","0","3"
"165968","0","4"
"166096","0","3"
"166110","0","6"
"380483","0","3"
"380483","1","4"
"228851","0","3"
"161920","0","5"
"397996","0","6"
"398012","0","9"
"398019","0","7"
"398019","1","19"
"415483","0","4"
"415556","0","3"
"820727","0","3"
"820731","0","3"
"820731","1","4"
"820750","0","4"
"820781","0","5"
"252070","0","6"
"252070","1","7"
"252081","0","5"
"252081","1","3"
"252088","0","9"
"252093","0","6"
"252100","0","3"
"252100","1","4"
"252109","0","3"
"252113","0","4"
"252114","0","3"
"252120","0","3"
"252120","1","5"
"252127","0","3"
"252128","0","5"
"252134","0","5"
"252136","0","4"
"252137","0","5"
"145821","0","3"
"1016559","0","5"
"213572","0","3"
"349527","0","4"
"349306","0","6"
"349311","0","8"
"349358","0","6"
"137271","0","4"
"137285","0","3"
"152855","0","5"
"154293","0","6"
"154293","1","7"
"154506","0","8"
"154508","0","6"
"158072","0","8"
"158073","0","3"
"178743","0","3"
"178743","1","4"
"178743","2","5"
"178743","3","6"
"178749","0","3"
"178762","0","6"
"178767","0","2"
"178767","1","3"
"178771","0","2"
"178772","0","1"
"178772","1","2"
"178772","2","3"
"178772","3","4"
"178772","4","5"
"178772","5","6"
"178797","0","6"
"178806","0","3"
"178819","0","3"
"236165","0","3"
"236172","0","3"
"236172","1","4"
"236199","0","3"
"236216","0","3"
"236218","0","4"
"236227","0","3"
"236243","0","6"
"236246","0","3"
"236248","0","5"
"349983","0","2"
"349951","0","7"
"349853","0","3"
"349837","0","3"
"217293","0","4"
"219938","0","4"
"218768","0","6"
"219123","0","5"
"220015","0","5"
"221390","0","5"
"222209","0","3"
"227934","0","4"
"193077","0","33"
"194378","0","5"
"194400","0","5"
"198063","0","5"
"198076","0","3"
"198097","0","4"
"198141","0","7"
"194358","0","4"
"193071","0","3"
"202695","0","8"
"202695","1","9"
"202696","0","3"
"203708","0","6"
"203823","0","4"
"210190","0","4"
"210193","0","3"
"213524","0","4"
"213979","0","6"
"213993","0","3"
"217846","0","5"
"217846","1","4"
"217847","0","3"
"217848","0","4"
"217849","0","5"
"217850","0","5"
"217852","0","5"
"217852","1","6"
"219298","0","3"
"219303","0","5"
"219303","1","6"
"219303","2","8"
"219303","3","9"
"219303","4","14"
"219303","5","10"
"219304","0","3"
"219304","1","4"
"219304","2","5"
"219315","0","3"
"219315","1","4"
"219320","0","4"
"219320","1","6"
"219320","2","5"
"219320","3","7"
"219325","0","5"
"219329","0","5"
"219343","0","3"
"219350","0","3"
"219355","0","6"
"219356","0","4"
"219359","0","3"
"219364","0","3"
"217827","0","5"
"217829","0","4"
"217836","0","3"
"217837","0","5"
"217838","0","3"
"217840","0","4"
"217841","0","5"
"217842","0","4"
"217843","0","4"
"217844","0","6"
"219991","0","6"
"221166","0","5"
"221287","0","3"
"222454","0","6"
"222459","0","5"
"222461","0","3"
"222461","1","4"
"222461","2","5"
"227597","0","3"
"227597","1","4"
"227601","0","3"
"229474","0","4"
"229486","0","4"
"229487","0","7"
"229497","0","8"
"229510","0","4"
"229512","0","3"
"229520","0","7"
"229526","0","6"
"229529","0","5"
"229531","0","3"
"229532","0","3"
"229536","0","6"
"229542","0","4"
"229552","0","3"
"229555","0","4"
"229558","0","5"
"229561","0","6"
"229565","0","3"
"231152","0","3"
"231152","1","4"
"231157","0","4"
"231884","0","5"
"232083","0","4"
"232094","0","4"
"232583","0","4"
"233773","0","6"
"233774","0","4"
"243562","0","3"
"243616","0","9"
"243616","1","10"
"244844","0","3"
"244845","0","3"
"246039","0","5"
"249132","0","3"
"249132","1","4"
"251205","0","3"
"252867","0","5"
"252878","0","5"
"252897","0","6"
"252898","0","4"
"256392","0","5"
"256717","0","4"
"256722","0","3"
"256724","0","4"
"260078","0","3"
"260116","0","7"
"260201","0","3"
"270754","0","8"
"270801","0","6"
"270826","0","7"
"273934","0","13"
"273934","1","14"
"273941","0","2"
"276804","0","6"
"277597","0","4"
"283026","0","3"
"283026","1","4"
"283107","0","5"
"289958","0","6"
"289966","0","3"
"292384","0","3"
"293227","0","5"
"293690","0","2"
"299564","0","8"
"303518","0","4"
"303537","0","3"
"303537","1","4"
"303556","0","3"
"306133","0","5"
"306137","0","5"
"306141","0","4"
"306141","1","5"
"306153","0","6"
"306178","0","4"
"306804","0","8"
"306819","0","4"
"306821","0","3"
"306870","0","4"
"312032","0","4"
"312045","0","5"
"312608","0","4"
"314740","0","4"
"314742","0","4"
"314742","1","5"
"314744","0","6"
"314744","1","7"
"314748","0","6"
"314751","0","2"
"314755","0","5"
"314760","0","3"
"314760","1","4"
"314768","0","6"
"314768","1","7"
"316477","0","5"
"316490","0","2"
"316499","0","3"
"316511","0","3"
"316514","0","6"
"317353","0","5"
"317414","0","4"
"317415","0","6"
"317419","0","6"
"317422","0","9"
"320540","0","3"
"320550","0","6"
"332524","0","3"
"332536","0","29"
"332536","1","30"
"337058","0","5"
"337093","0","10"
"339148","0","17"
"340192","0","3"
"340192","1","4"
"345221","0","6"
"345228","0","6"
"345230","0","6"
"350976","0","5"
"350990","0","3"
"350994","0","5"
"350995","0","5"
"379065","0","4"
"379080","0","3"
"379126","0","5"
"382763","0","5"
"382763","1","6"
"382780","0","5"
"392533","0","4"
"392533","1","5"
"404097","0","3"
"404097","1","5"
"479056","0","4"
"479077","0","3"
"479088","0","5"
"479132","0","3"
"479132","1","4"
"530441","0","3"
"539689","0","2"
"539689","1","3"
"544703","0","4"
"544721","0","5"
"544740","0","7"
"562954","0","3"
"643509","0","3"
"643509","1","4"
"198051","0","6"
"260091","0","3"
"314752","0","6"
"314752","1","7"
"316513","0","3"
"251193","0","4"
"1090195","0","3"
"1229127","0","3"
"1229136","0","6"
"1229348","0","6"
"748609","0","5"
"275701","0","2"
"229503","0","4"
"350951","0","3"
"350951","1","4"
"289960","0","4"
"226734","0","3"
"226910","0","7"
"228945","0","5"
"228947","0","5"
"228947","1","6"
"230304","0","4"
"231098","0","6"
"235267","0","4"
"235373","0","14"
"235452","0","6"
"235458","0","6"
"235506","0","4"
"237865","0","5"
"237865","1","4"
"243678","0","7"
"243751","0","5"
"243753","0","2"
"243792","0","3"
"243801","0","3"
"243804","0","7"
"244666","0","5"
"244666","1","6"
"244681","0","3"
"247764","0","5"
"247766","0","3"
"247769","0","3"
"247775","0","4"
"247802","0","3"
"247804","0","3"
"252626","0","4"
"252717","0","3"
"252736","0","5"
"255694","0","3"
"255714","0","4"
"255744","0","5"
"255751","0","5"
"255757","0","3"
"255763","0","6"
"255771","0","3"
"255775","0","4"
"255788","0","4"
"256682","0","3"
"259869","0","4"
"259901","0","2"
"259914","0","7"
"266088","0","6"
"272911","0","6"
"272952","0","5"
"272957","0","3"
"272965","0","8"
"272973","0","4"
"272975","0","4"
"274943","0","3"
"274948","0","5"
"274951","0","5"
"276177","0","6"
"282024","0","7"
"282037","0","3"
"282120","0","3"
"282148","0","5"
"282590","0","6"
"298012","0","9"
"298018","0","4"
"298019","0","4"
"298027","0","4"
"298033","0","4"
"298037","0","7"
"298042","0","3"
"315711","0","6"
"315744","0","3"
"315744","1","4"
"315745","0","4"
"315747","0","9"
"316024","0","4"
"316049","0","5"
"316084","0","3"
"316085","0","5"
"316087","0","4"
"329828","0","3"
"329830","0","2"
"329831","0","4"
"329835","0","5"
"329836","0","3"
"329841","0","5"
"329847","0","5"
"329912","0","3"
"330633","0","4"
"330634","0","6"
"330703","0","3"
"330713","0","4"
"336254","0","2"
"336263","0","4"
"336332","0","4"
"336343","0","3"
"336345","0","1413357751915"
"336353","0","4"
"337269","0","4"
"337274","0","4"
"337289","0","4"
"345013","0","6"
"351680","0","7"
"351712","0","4"
"351733","0","6"
"351733","1","7"
"351749","0","3"
"356801","0","3"
"356801","1","4"
"356817","0","2"
"356817","1","3"
"361727","0","4"
"361729","0","28"
"361740","0","3"
"361742","0","7"
"361744","0","6"
"361755","0","6"
"364858","0","5"
"370131","0","4"
"374765","0","5"
"374776","0","11"
"374782","0","5"
"381963","0","3"
"381979","0","3"
"382000","0","3"
"382000","1","4"
"382017","0","5"
"382019","0","4"
"382020","0","2"
"382020","1","3"
"382032","0","3"
"382037","0","3"
"382373","0","4"
"382394","0","4"
"382407","0","3"
"382458","0","4"
"382571","0","5"
"382581","0","9"
"382635","0","11"
"382639","0","7"
"382641","0","4"
"382643","0","1414628351469"
"382643","1","1414628351470"
"382645","0","5"
"382657","0","3"
"382657","1","4"
"382665","0","7"
"382667","0","3"
"382667","1","4"
"382669","0","4"
"382669","1","5"
"392177","0","4"
"392200","0","5"
"392213","0","2"
"392215","0","5"
"392215","1","6"
"392220","0","3"
"392261","0","3"
"392267","0","7"
"392278","0","6"
"392286","0","3"
"392440","0","5"
"392442","0","5"
"392448","0","4"
"392458","0","7"
"392472","0","4"
"407781","0","3"
"407789","0","4"
"407891","0","4"
"407918","0","3"
"420512","0","11"
"420512","1","12"
"420512","2","13"
"420543","0","6"
"420686","0","3"
"420686","1","4"
"420745","0","4"
"420756","0","3"
"420756","1","4"
"420756","2","5"
"420772","0","3"
"420772","1","7"
"420772","2","8"
"420789","0","3"
"420789","1","4"
"420789","2","5"
"420789","3","7"
"420803","0","2"
"420803","1","3"
"420818","0","20"
"420830","0","3"
"420830","1","7"
"420830","2","8"
"420836","0","5"
"420851","0","4"
"420878","0","7"
"420883","0","4"
"420883","1","5"
"420883","2","6"
"420891","0","2"
"421407","0","2"
"449252","0","10"
"449262","0","7"
"449286","0","5"
"449294","0","3"
"449310","0","6"
"449319","0","4"
"449319","1","3"
"449609","0","4"
"449609","1","5"
"449620","0","7"
"449620","1","6"
"449645","0","5"
"449678","0","4"
"449678","1","5"
"449678","2","6"
"449704","0","7"
"449723","0","4"
"449729","0","3"
"449995","0","13"
"450012","0","3"
"450022","0","4"
"450028","0","4"
"450037","0","3"
"450037","1","6"
"450052","0","3"
"450055","0","4"
"450059","0","3"
"450074","0","7"
"450080","0","6"
"450080","1","7"
"450086","0","5"
"450109","0","5"
"450125","0","12"
"450136","0","3"
"450180","0","3"
"450200","0","4"
"450208","0","5"
"450208","1","6"
"450208","2","3"
"450240","0","1415607799620"
"450240","1","1415607799621"
"450252","0","5"
"450320","0","2"
"272087","0","5"
"272094","0","5"
"272100","0","6"
"272103","0","6"
"272105","0","4"
"272107","0","6"
"272110","0","6"
"272110","1","7"
"272114","0","5"
"272118","0","3"
"272122","0","4"
"272125","0","4"
"272132","0","7"
"272149","0","3"
"272149","1","4"
"272154","0","4"
"272158","0","4"
"272166","0","6"
"272173","0","3"
"272176","0","3"
"272178","0","5"
"272184","0","6"
"519333","0","4"
"519357","0","4"
"599319","0","5"
"600098","0","3"
"600117","0","6"
"600127","0","7"
"600278","0","4"
"600278","1","5"
"600422","0","5"
"612987","0","5"
"612987","1","6"
"612987","2","7"
"723284","0","5"
"723293","0","3"
"723313","0","3"
"723313","1","4"
"723314","0","3"
"723318","0","4"
"723323","0","5"
"723323","1","6"
"723324","0","5"
"724038","0","4"
"724038","1","5"
"724053","0","6"
"724053","1","7"
"724079","0","7"
"724079","1","8"
"729685","0","6"
"729685","1","10"
"834720","0","5"
"834724","0","5"
"834880","0","4"
"834899","0","3"
"834902","0","4"
"834902","1","5"
"834907","0","3"
"834943","0","4"
"834982","0","5"
"840401","0","2"
"841689","0","5"
"844790","0","4"
"845079","0","5"
"845445","0","2"
"845467","0","2"
"845729","0","4"
"857410","0","7"
"857420","0","5"
"857421","0","10"
"857432","0","3"
"857453","0","2"
"1010180","0","5"
"1010217","0","5"
"1010261","0","6"
"1010279","0","4"
"1010326","0","3"
"1010340","0","3"
"1010358","0","5"
"1010362","0","5"
"1010367","0","3"
"1010446","0","3"
"1010446","1","4"
"1010448","0","2"
"1010485","0","5"
"1010491","0","2"
"1010491","1","3"
"1010491","2","4"
"1010522","0","4"
"1010586","0","6"
"1011311","0","3"
"1011311","1","7"
"1011312","0","3"
"1011312","1","4"
"1011909","0","6"
"1011920","0","5"
"1011970","0","7"
"1011984","0","3"
"1012539","0","7"
"1012540","0","3"
"1012541","0","3"
"1012542","0","2"
"1012546","0","3"
"1012552","0","3"
"1012554","0","3"
"1012574","0","6"
"1012591","0","3"
"1012591","1","4"
"1012594","0","5"
"1012784","0","3"
"1012784","1","4"
"1012788","0","4"
"1012791","0","6"
"1012791","1","7"
"1012792","0","3"
"1012792","1","4"
"1012795","0","10"
"1012805","0","4"
"1012852","0","6"
"1012923","0","3"
"1012923","1","4"
"1013002","0","3"
"1013003","0","4"
"1013004","0","5"
"1013566","0","6"
"1013607","0","3"
"1013936","0","4"
"1016646","0","7"
"1016657","0","3"
"1016770","0","6"
"1034551","0","6"
"1097523","0","6"
"1098171","0","4"
"1098199","0","6"
"1098201","0","5"
"1269603","0","3"
"1269603","1","4"
"1269605","0","5"
"1269606","0","6"
"1269618","0","4"
"1269657","0","6"
"1269682","0","5"
"1269688","0","5"
"1269690","0","5"
"1269702","0","5"
"1269829","0","2"
"1269841","0","7"
"1269849","0","5"
"1340217","0","4"
"1340282","0","8"
"1340282","1","10"
"1340302","0","3"
"1340329","0","5"
"1340410","0","3"
"1340414","0","4"
"1340548","0","4"
"1340606","0","4"
"1340652","0","15"
"1340760","0","4"
"1340815","0","4"
"1340819","0","1"
"1340820","0","3"
"1340820","1","4"
"1340883","0","5"
"1341170","0","1"
"1341196","0","5"
"1379378","0","4"
"1379814","0","6"
"1379814","1","5"
"1379846","0","7"
"1379861","0","4"
"1379871","0","3"
"1379886","0","3"
"1380634","0","3"
"1380636","0","3"
"1380678","0","8"
"1380679","0","3"
"1380681","0","6"
"1380700","0","3"
"1380700","1","4"
"1475999","0","5"
"1599584","0","3"
"1599589","0","6"
"1599591","0","3"
"1599594","0","5"
"1599600","0","6"
"1599607","0","5"
"1599629","0","5"
"1599630","0","5"
"1599634","0","7"
"1599643","0","3"
"1599643","1","4"
"1599650","0","5"
"1599651","0","4"
"1599651","1","5"
"1599652","0","5"
"1599658","0","3"
"1599667","0","3"
"1599668","0","3"
"1624212","0","5"
"1624238","0","3"
"1624245","0","3"
"1624248","0","4"
"1624265","0","4"
"1624290","0","8"
"1624450","0","4"
"1624511","0","2"
"1636029","0","11"
"1636044","0","4"
"1636167","0","8"
"1636217","0","4"
"1636230","0","3"
"1636242","0","4"
"1636245","0","5"
"1636318","0","4"
"1636339","0","4"
"1636351","0","2"
"1636527","0","2"
"1638011","0","6"
"1638027","0","6"
"1638036","0","3"
"1638036","1","4"
"1638056","0","5"
"1638069","0","5"
"1646003","0","3"
"1646006","0","7"
"1667941","0","3"
"1667946","0","4"
"1667952","0","8"
"1668279","0","3"
"1668356","0","4"
"1668358","0","4"
"1668395","0","4"
"1668429","0","6"
"1668430","0","4"
"1668433","0","5"
"1668499","0","7"
"1741912","0","7"
"1741967","0","5"
"1741969","0","3"
"1741971","0","3"
"1742001","0","4"
"1768351","0","4"
"1787647","0","5"
"1787647","1","6"
"1787667","0","4"
"1787669","0","3"
"1787669","1","4"
"1789672","0","3"
"1789810","0","3"
"1800366","0","3"
"1800948","0","3"
"1800951","0","6"
"1800951","1","5"
"1806237","0","8"
"1806343","0","13"
"1806391","0","5"
"1822144","0","6"
"1822147","0","2"
"1822164","0","33"
"1822169","0","4"
"1822194","0","4"
"1822196","0","6"
"1822198","0","3"
"1822860","0","6"
"1822871","0","4"
"1822873","0","9"
"1822893","0","10"
"1822925","0","4"
"1822934","0","4"
"1822950","0","9"
"1822950","1","7"
"1822950","2","5"
"1823650","0","5"
"1823660","0","3"
"1823660","1","4"
"1823660","2","5"
"1823670","0","3"
"1823670","1","4"
"1823670","2","5"
"1823670","3","6"
"1823670","4","7"
"1823704","0","21"
"1823926","0","21"
"1824011","0","21"
"1824025","0","31"
"2098728","0","1"
"2102253","0","5"
"2105256","0","4"
"2105257","0","5"
"2105267","0","4"
"2105279","0","7"
"2105279","1","8"
"2105339","0","6"
"2105386","0","6"
"2105387","0","6"
"2105393","0","3"
"2105436","0","4"
"2105444","0","7"
"2105653","0","5"
"2105988","0","6"
"2105988","1","7"
"2106027","0","5"
"2192992","0","4"
"2193101","0","6"
"2193111","0","1424273641513"
"2193192","0","1424273641529"
"2193297","0","3"
"2193654","0","4"
"2193741","0","6"
"2193743","0","7"
"2193940","0","5"
"2193973","0","3"
"2193994","0","4"
"2367939","0","5"
"2368509","0","3"
"2368538","0","4"
"2368545","0","3"
"2368692","0","3"
"2368721","0","3"
"2368722","0","3"
"2369572","0","6"
"2369572","1","3"
"2369573","0","3"
"2369576","0","4"
"2369576","1","5"
"2369579","0","4"
"2369588","0","6"
"2369609","0","3"
"2369614","0","5"
"2369617","0","4"
"2369641","0","3"
"2369641","1","4"
"2369651","0","3"
"2369654","0","3"
"2369654","1","5"
"2369664","0","4"
"2369720","0","5"
"2369734","0","5"
"2461840","0","3"
"2461844","0","6"
"2461878","0","6"
"2461879","0","5"
"2461881","0","6"
"2461885","0","4"
"2461886","0","8"
"2461886","1","9"
"2461891","0","4"
"2537513","0","5"
"2537517","0","3"
"2537523","0","3"
"2537605","0","5"
"2537629","0","4"
"2537629","1","5"
"2537634","0","4"
"2537666","0","5"
"2537929","0","7"
"2537929","1","8"
"2537932","0","8"
"2554294","0","3"
"2554314","0","6"
"2554333","0","4"
"2554357","0","4"
"2554569","0","3"
"2589512","0","5"
"2589514","0","4"
"2589514","1","3"
"2589524","0","4"
"2589525","0","5"
"2589532","0","4"
"2589538","0","4"
"2589662","0","7"
"2589662","1","8"
"2589678","0","3"
"2589783","0","3"
"2589829","0","6"
"2589874","0","5"
"2589876","0","5"
"2589891","0","7"
"2589897","0","6"
"2589898","0","6"
"2589902","0","3"
"2589903","0","7"
"2589914","0","3"
"2589944","0","3"
"2589993","0","5"
"2589996","0","4"
"2590002","0","5"
"2590004","0","10"
"2590006","0","3"
"2590152","0","5"
"2590163","0","7"
"2590166","0","7"
